,Unnamed: 0,Type_70,Cluster_70,Size_70,%Id_70,Strand_70,Qlo_70,Tlo_70,Alignment_70,Query,Target_70,cut Target,ID,type,Type_90,Cluster_90,Size_90,%Id_90,Strand_90,Qlo_90,Tlo_90,Alignment_90,Target_90,0,flag
5,5,H,1,473,73.3,.,0,0,2I115MI44MI89MI73MI73MI13MI33MI25M8D,CG02_land_8_20_14_3.00_150_scaffold_3515_6,RBCSeed_14 gi|502802415|ref|WP_013037391.1|,RBCSeed_14,RBCSeed_14,II/III,C,256,2,*,*,*,*,*,CG02_land_8_20_14_3.00_150_scaffold_3515_6,,
6,6,H,1,484,75.1,.,0,0,I187MI35MI249M13D,OR1_SR1_3_148,RBCSeed_14 gi|502802415|ref|WP_013037391.1|,RBCSeed_14,RBCSeed_14,II/III,C,257,5,*,*,*,*,*,OR1_SR1_3_148,,
11,11,H,1,485,74.7,.,0,0,2D474M9D,"gi|1277808369|gb|PIU22523.1| ribulose 1,5-bisphosphate carboxylase [Candidatus Diapherotrites archaeon CG08_land_8_20_14_0_20_30_16]",RBCSeed_14 gi|502802415|ref|WP_013037391.1|,RBCSeed_14,RBCSeed_14,II/III,C,300,1,*,*,*,*,*,"gi|1277808369|gb|PIU22523.1| ribulose 1,5-bisphosphate carboxylase [Candidatus Diapherotrites archaeon CG08_land_8_20_14_0_20_30_16]",,
12,12,H,1,486,75.5,.,0,0,I473M13D,gi|1489642895|gb|RKW22961.1| ribulose-bisphosphate carboxylase [Candidatus Gracilibacteria bacterium],RBCSeed_14 gi|502802415|ref|WP_013037391.1|,RBCSeed_14,RBCSeed_14,II/III,H,257,486,99.0,.,0,0,187MD35MD262M,OR1_SR1_3_148,,
14,14,H,1,488,78.9,.,0,0,I473M15D,"gi|1321612094|gb|PLW80019.1| ribulose 1,5-bisphosphate carboxylase [Candidatus Woesearchaeota archaeon]",RBCSeed_14 gi|502802415|ref|WP_013037391.1|,RBCSeed_14,RBCSeed_14,II/III,C,302,1,*,*,*,*,*,"gi|1321612094|gb|PLW80019.1| ribulose 1,5-bisphosphate carboxylase [Candidatus Woesearchaeota archaeon]",,
17,17,H,1,214,77.1,.,0,0,273I201M13D,bjp_ig2599_sub10_scaffold_1302_18,RBCSeed_14 gi|502802415|ref|WP_013037391.1|,RBCSeed_14,RBCSeed_14,II/III,C,422,1,*,*,*,*,*,bjp_ig2599_sub10_scaffold_1302_18,,
21,21,H,1,481,75.6,.,0,0,2I472M9D,"gi|1572541139|emb|VDS11196.1| RuBisCO long chain, Form II/III [uncultured Candidatus Pacearchaeota archaeon] >gi|1572541157|emb|VDS11205.1| RuBisCO long chain, Form II/III [uncultured Candidatus Pacearchaeota archaeon] >gi|1572541163|emb|VDS11208.1| RuBisCO long chain, Form II/III [uncultured Candidatus Pacearchaeota archaeon]",RBCSeed_14 gi|502802415|ref|WP_013037391.1|,RBCSeed_14,RBCSeed_14,II/III,C,461,1,*,*,*,*,*,"gi|1572541139|emb|VDS11196.1| RuBisCO long chain, Form II/III [uncultured Candidatus Pacearchaeota archaeon] >gi|1572541157|emb|VDS11205.1| RuBisCO long chain, Form II/III [uncultured Candidatus Pacearchaeota archaeon] >gi|1572541163|emb|VDS11208.1| RuBisCO long chain, Form II/III [uncultured Candidatus Pacearchaeota archaeon]",,
22,22,H,1,484,74.2,.,0,0,I473M11D,"gi|1572541137|emb|VDS11195.1| RuBisCO long chain, Form II/III [uncultured Candidatus Woesearchaeota archaeon] >gi|1572541155|emb|VDS11204.1| RuBisCO long chain, Form II/III [uncultured Candidatus Woesearchaeota archaeon] >gi|1572541167|emb|VDS11210.1| RuBisCO long chain, Form II/III [uncultured Candidatus Woesearchaeota archaeon]",RBCSeed_14 gi|502802415|ref|WP_013037391.1|,RBCSeed_14,RBCSeed_14,II/III,C,463,2,*,*,*,*,*,"gi|1572541137|emb|VDS11195.1| RuBisCO long chain, Form II/III [uncultured Candidatus Woesearchaeota archaeon] >gi|1572541155|emb|VDS11204.1| RuBisCO long chain, Form II/III [uncultured Candidatus Woesearchaeota archaeon] >gi|1572541167|emb|VDS11210.1| RuBisCO long chain, Form II/III [uncultured Candidatus Woesearchaeota archaeon]",,
24,24,H,1,488,79.3,.,0,0,D474M13D,"gi|1572541007|emb|VDS11130.1| RuBisCO long chain, Form II/III [uncultured Candidatus Pacearchaeota archaeon]",RBCSeed_14 gi|502802415|ref|WP_013037391.1|,RBCSeed_14,RBCSeed_14,II/III,C,464,2,*,*,*,*,*,"gi|1572541007|emb|VDS11130.1| RuBisCO long chain, Form II/III [uncultured Candidatus Pacearchaeota archaeon]",,
25,25,H,1,478,72.4,.,0,0,7I188M3I276M14D,scaffold_6121_5_REF,RBCSeed_14 gi|502802415|ref|WP_013037391.1|,RBCSeed_14,RBCSeed_14,II/III,C,563,3,*,*,*,*,*,scaffold_6121_5_REF,,
26,26,H,1,494,74.6,.,0,0,3D156M3D318M14D,CG_201501t_scaffold_70_76,RBCSeed_14 gi|502802415|ref|WP_013037391.1|,RBCSeed_14,RBCSeed_14,II/III,C,564,1,*,*,*,*,*,CG_201501t_scaffold_70_76,,
31,31,H,1,482,77.5,.,0,0,3I471M11D,"gi|1572540977|emb|VDS11115.1| RuBisCO long chain, Form II/III [uncultured DPANN archaeon]",RBCSeed_14 gi|502802415|ref|WP_013037391.1|,RBCSeed_14,RBCSeed_14,II/III,C,589,1,*,*,*,*,*,"gi|1572540977|emb|VDS11115.1| RuBisCO long chain, Form II/III [uncultured DPANN archaeon]",,
34,34,H,1,491,75.6,.,0,0,7D5MD469M9D,rifoxyd1_full_scaffold_48_74,RBCSeed_14 gi|502802415|ref|WP_013037391.1|,RBCSeed_14,RBCSeed_14,II/III,C,664,1,*,*,*,*,*,rifoxyd1_full_scaffold_48_74,,
35,35,H,1,499,75.9,.,0,0,13D474M12D,rifcsplowo2_01_scaffold_240_75,RBCSeed_14 gi|502802415|ref|WP_013037391.1|,RBCSeed_14,RBCSeed_14,II/III,C,665,1,*,*,*,*,*,rifcsplowo2_01_scaffold_240_75,,
36,36,H,1,484,74.2,.,0,0,I473M11D,rifoxyb1_full_scaffold_364_31,RBCSeed_14 gi|502802415|ref|WP_013037391.1|,RBCSeed_14,RBCSeed_14,II/III,H,463,484,99.8,.,0,0,484M,"gi|1572541137|emb|VDS11195.1| RuBisCO long chain, Form II/III [uncultured Candidatus Woesearchaeota archaeon] >gi|1572541155|emb|VDS11204.1| RuBisCO long chain, Form II/III [uncultured Candidatus Woesearchaeota archaeon] >gi|1572541167|emb|VDS11210.1| RuBisCO long chain, Form II/III [uncultured Candidatus Woesearchaeota archaeon]",,
39,39,H,1,366,78.7,.,0,0,I366M107I,"gi|1404609628|gb|PZM85820.1| ribulose 1,5-bisphosphate carboxylase [candidate division SR1 bacterium]",RBCSeed_14 gi|502802415|ref|WP_013037391.1|,RBCSeed_14,RBCSeed_14,II/III,H,257,366,91.3,.,0,0,187MD35MD142M120I,OR1_SR1_3_148,,
40,40,H,1,482,77.0,.,0,0,474M8D,rifoxyb2_full_scaffold_114_158,RBCSeed_14 gi|502802415|ref|WP_013037391.1|,RBCSeed_14,RBCSeed_14,II/III,C,768,1,*,*,*,*,*,rifoxyb2_full_scaffold_114_158,,
41,41,H,1,477,73.0,.,0,0,7I110MI52MI229MI47MI25M14D,cg2_3.0_scaffold_6121_5,RBCSeed_14 gi|502802415|ref|WP_013037391.1|,RBCSeed_14,RBCSeed_14,II/III,H,563,477,98.5,.,0,0,110MI52MI24M3D201MI50MI37M,scaffold_6121_5_REF,,
44,44,H,1,486,76.7,.,0,0,I473M13D,"gi|1408197338|gb|RAL57258.1| ribulose 1,5-bisphosphate carboxylase [SR1 bacterium human oral taxon HOT-345]",RBCSeed_14 gi|502802415|ref|WP_013037391.1|,RBCSeed_14,RBCSeed_14,II/III,H,257,486,92.0,.,0,0,187MD35MD262M,OR1_SR1_3_148,,
45,45,H,1,505,76.6,.,0,0,18D474M13D,"gi|1276424375|gb|PIN88808.1| ribulose 1,5-bisphosphate carboxylase [Candidatus Pacearchaeota archaeon CG10_big_fil_rev_8_21_14_0_10_35_13]",RBCSeed_14 gi|502802415|ref|WP_013037391.1|,RBCSeed_14,RBCSeed_14,II/III,C,791,1,*,*,*,*,*,"gi|1276424375|gb|PIN88808.1| ribulose 1,5-bisphosphate carboxylase [Candidatus Pacearchaeota archaeon CG10_big_fil_rev_8_21_14_0_10_35_13]",,
46,46,H,1,488,79.7,.,0,0,D474M13D,"gi|1572541153|emb|VDS11203.1| RuBisCO long chain, Form II/III [uncultured Candidatus Pacearchaeota archaeon]",RBCSeed_14 gi|502802415|ref|WP_013037391.1|,RBCSeed_14,RBCSeed_14,II/III,H,464,488,94.1,.,0,0,488M,"gi|1572541007|emb|VDS11130.1| RuBisCO long chain, Form II/III [uncultured Candidatus Pacearchaeota archaeon]",,
48,48,H,1,270,72.3,.,0,0,207I45MI73MI73MI13MI33MI25M8D,CG06_land_8_20_14_3.00_150_scaffold_21999_1,RBCSeed_14 gi|502802415|ref|WP_013037391.1|,RBCSeed_14,RBCSeed_14,II/III,H,256,270,98.9,.,0,0,203I270M,CG02_land_8_20_14_3.00_150_scaffold_3515_6,,
49,49,H,1,490,76.8,.,0,0,252MI221M17D,DolZOral124_scaffold_14485_4,RBCSeed_14 gi|502802415|ref|WP_013037391.1|,RBCSeed_14,RBCSeed_14,II/III,C,864,1,*,*,*,*,*,DolZOral124_scaffold_14485_4,,
54,54,H,1,486,73.1,.,0,0,2I472M14D,"gi|1278529750|gb|PJA48441.1| ribulose 1,5-bisphosphate carboxylase [candidate division SR1 bacterium CG_4_9_14_3_um_filter_40_9]",RBCSeed_14 gi|502802415|ref|WP_013037391.1|,RBCSeed_14,RBCSeed_14,II/III,H,563,486,98.3,.,0,0,5D188M3D290M,scaffold_6121_5_REF,,
56,56,H,1,477,80.3,.,0,0,I473M4D,gi|1522570278|gb|RQD81613.1| ribulose-bisphosphate carboxylase [Methanosalsum natronophilum],RBCSeed_14 gi|502802415|ref|WP_013037391.1|,RBCSeed_14,RBCSeed_14,II/III,C,956,1,*,*,*,*,*,gi|1522570278|gb|RQD81613.1| ribulose-bisphosphate carboxylase [Methanosalsum natronophilum],,
57,57,H,1,483,76.8,.,0,0,4I470M13D,gi|1497956000|gb|RME54848.1| ribulose-bisphosphate carboxylase [Candidatus Woesearchaeota archaeon],RBCSeed_14 gi|502802415|ref|WP_013037391.1|,RBCSeed_14,RBCSeed_14,II/III,C,957,1,*,*,*,*,*,gi|1497956000|gb|RME54848.1| ribulose-bisphosphate carboxylase [Candidatus Woesearchaeota archaeon],,
71,70,H,2,460,77.3,.,0,0,3I72M3I387MD,"gi|1434526261|ref|WP_114277996.1| ribulose-bisphosphate carboxylase [Thioalbus denitrificans] >gi|1433653233|gb|RCX33119.1| ribulose 1,5-bisphosphate carboxylase large subunit [Thioalbus denitrificans]",RBCSeed_25 gi|771607269|ref|WP_045218222.1|,RBCSeed_25,RBCSeed_25,II,C,29,1,*,*,*,*,*,"gi|1434526261|ref|WP_114277996.1| ribulose-bisphosphate carboxylase [Thioalbus denitrificans] >gi|1433653233|gb|RCX33119.1| ribulose 1,5-bisphosphate carboxylase large subunit [Thioalbus denitrificans]",,
76,75,H,2,459,71.2,.,0,0,3I79M3I380M,gi|1519843792|gb|RPH94496.1| ribulose-bisphosphate carboxylase [Xanthomonadales bacterium],RBCSeed_25 gi|771607269|ref|WP_045218222.1|,RBCSeed_25,RBCSeed_25,II,C,33,1,*,*,*,*,*,gi|1519843792|gb|RPH94496.1| ribulose-bisphosphate carboxylase [Xanthomonadales bacterium],,
95,94,H,2,460,74.9,.,0,0,3I38MD34M3I387M,gi|1580768678|gb|TAN46839.1| ribulose-bisphosphate carboxylase [Methylococcaceae bacterium],RBCSeed_25 gi|771607269|ref|WP_045218222.1|,RBCSeed_25,RBCSeed_25,II,C,449,1,*,*,*,*,*,gi|1580768678|gb|TAN46839.1| ribulose-bisphosphate carboxylase [Methylococcaceae bacterium],,
104,103,H,2,463,76.7,.,0,0,3I38MD34M3I387M3D,"gi|1592839803|ref|WP_132694381.1| ribulose-bisphosphate carboxylase [Rhodovulum steppense] >gi|1588414049|gb|TCM85265.1| ribulose 1,5-bisphosphate carboxylase large subunit [Rhodovulum steppense]",RBCSeed_25 gi|771607269|ref|WP_045218222.1|,RBCSeed_25,RBCSeed_25,II,C,682,2,*,*,*,*,*,"gi|1592839803|ref|WP_132694381.1| ribulose-bisphosphate carboxylase [Rhodovulum steppense] >gi|1588414049|gb|TCM85265.1| ribulose 1,5-bisphosphate carboxylase large subunit [Rhodovulum steppense]",,
107,106,H,2,462,74.9,.,0,0,3I72M3I387M3D,gi|1535698529|ref|WP_125403800.1| ribulose-bisphosphate carboxylase [Rhodovulum robiginosum] >gi|1534797473|gb|RSK36359.1| ribulose-bisphosphate carboxylase [Rhodovulum robiginosum],RBCSeed_25 gi|771607269|ref|WP_045218222.1|,RBCSeed_25,RBCSeed_25,II,C,785,2,*,*,*,*,*,gi|1535698529|ref|WP_125403800.1| ribulose-bisphosphate carboxylase [Rhodovulum robiginosum] >gi|1534797473|gb|RSK36359.1| ribulose-bisphosphate carboxylase [Rhodovulum robiginosum],,
108,107,H,2,463,76.7,.,0,0,3I38MD41M3I380M3D,"gi|1592570184|ref|WP_132460823.1| ribulose-bisphosphate carboxylase [Rhodovulum marinum] >gi|1588674553|gb|TCP42955.1| ribulose 1,5-bisphosphate carboxylase large subunit [Rhodovulum marinum]",RBCSeed_25 gi|771607269|ref|WP_045218222.1|,RBCSeed_25,RBCSeed_25,II,H,785,463,92.4,.,0,0,36MD426M,gi|1535698529|ref|WP_125403800.1| ribulose-bisphosphate carboxylase [Rhodovulum robiginosum] >gi|1534797473|gb|RSK36359.1| ribulose-bisphosphate carboxylase [Rhodovulum robiginosum],,
109,108,H,2,459,71.6,.,0,0,3I72M3I387M,"gi|1434626526|ref|WP_114364791.1| ribulose-bisphosphate carboxylase [Ciceribacter lividus] >gi|1433539651|gb|RCW20863.1| ribulose 1,5-bisphosphate carboxylase large subunit [Ciceribacter lividus]",RBCSeed_25 gi|771607269|ref|WP_045218222.1|,RBCSeed_25,RBCSeed_25,II,C,786,1,*,*,*,*,*,"gi|1434626526|ref|WP_114364791.1| ribulose-bisphosphate carboxylase [Ciceribacter lividus] >gi|1433539651|gb|RCW20863.1| ribulose 1,5-bisphosphate carboxylase large subunit [Ciceribacter lividus]",,
114,113,H,2,457,71.1,.,0,0,3I72M3I385M2I,"gi|1376227464|ref|WP_107324459.1| ribulose-bisphosphate carboxylase [Rhodobacter veldkampii] >gi|1374520515|gb|PTE18101.1| ribulose 1,5-bisphosphate carboxylase [Rhodobacter veldkampii DSM 11550] >gi|1596396915|gb|TDQ57091.1| ribulose 1,5-bisphosphate carboxylase large subunit [Rhodobacter veldkampii DSM 11550]",RBCSeed_25 gi|771607269|ref|WP_045218222.1|,RBCSeed_25,RBCSeed_25,II,C,881,1,*,*,*,*,*,"gi|1376227464|ref|WP_107324459.1| ribulose-bisphosphate carboxylase [Rhodobacter veldkampii] >gi|1374520515|gb|PTE18101.1| ribulose 1,5-bisphosphate carboxylase [Rhodobacter veldkampii DSM 11550] >gi|1596396915|gb|TDQ57091.1| ribulose 1,5-bisphosphate carboxylase large subunit [Rhodobacter veldkampii DSM 11550]",,
117,116,H,2,461,70.1,.,0,0,3I72M3I387M2D,"gi|1276982793|gb|PIP95513.1| ribulose 1,5-bisphosphate carboxylase [Rhodobacterales bacterium CG18_big_fil_WC_8_21_14_2_50_71_9]",RBCSeed_25 gi|771607269|ref|WP_045218222.1|,RBCSeed_25,RBCSeed_25,II,H,880,461,99.6,.,0,0,461M,"gi|1278328923|gb|PIY72801.1| ribulose 1,5-bisphosphate carboxylase [Rhodobacterales bacterium CG_4_10_14_0_8_um_filter_70_9]",,
128,127,H,4,459,88.5,.,0,0,459M,"RBG_16_Gammaproteobacteria_62_13_RBG_16_scaffold_11150_2 ribulose-bisphosphate carboxylase (EC:4.1.1.39); K01601 ribulose-bisphosphate carboxylase large chain [EC:4.1.1.39] Tax=RBG_16_Gammaproteobacteria_62_13_curated id=87108755 bin=""Candidatus Muproteobacteria bacterium RBG_16_62_13"" species=RBG_16_Gammaproteobacteria_62_13_curated genus=unknown taxon_order=unknown taxon_class=Gammaproteobacteria phylum=Proteobacteria organism_tax=RBG_16_Gammaproteobacteria_62_13_curated",RBC3_1 WP_012823967.1,RBC3_1,RBC3_1,II,C,24,11,*,*,*,*,*,"RBG_16_Gammaproteobacteria_62_13_RBG_16_scaffold_11150_2 ribulose-bisphosphate carboxylase (EC:4.1.1.39); K01601 ribulose-bisphosphate carboxylase large chain [EC:4.1.1.39] Tax=RBG_16_Gammaproteobacteria_62_13_curated id=87108755 bin=""Candidatus Muproteobacteria bacterium RBG_16_62_13"" species=RBG_16_Gammaproteobacteria_62_13_curated genus=unknown taxon_order=unknown taxon_class=Gammaproteobacteria phylum=Proteobacteria organism_tax=RBG_16_Gammaproteobacteria_62_13_curated",,
132,131,H,4,461,72.1,.,0,0,459M2D,"gi|1277981438|gb|PIV73145.1| ribulose 1,5-bisphosphate carboxylase [Rhodobacteraceae bacterium CG17_big_fil_post_rev_8_21_14_2_50_65_11]",RBC3_1 WP_012823967.1,RBC3_1,RBC3_1,II,C,34,1,*,*,*,*,*,"gi|1277981438|gb|PIV73145.1| ribulose 1,5-bisphosphate carboxylase [Rhodobacteraceae bacterium CG17_big_fil_post_rev_8_21_14_2_50_65_11]",,
134,133,H,4,459,89.3,.,0,0,459M,gi|1441563929|ref|WP_114973325.1| ribulose-bisphosphate carboxylase [Rhodoferax sp. OTU1],RBC3_1 WP_012823967.1,RBC3_1,RBC3_1,II,C,36,9,*,*,*,*,*,gi|1441563929|ref|WP_114973325.1| ribulose-bisphosphate carboxylase [Rhodoferax sp. OTU1],,
138,137,H,4,462,80.8,.,0,0,3D459M,"gi|1491363802|gb|RLJ19271.1| ribulose 1,5-bisphosphate carboxylase [bacterium endosymbiont of Escarpia laminata] >gi|1491366091|gb|RLJ21443.1| ribulose 1,5-bisphosphate carboxylase [bacterium endosymbiont of Escarpia laminata]",RBC3_1 WP_012823967.1,RBC3_1,RBC3_1,II,C,39,2,*,*,*,*,*,"gi|1491363802|gb|RLJ19271.1| ribulose 1,5-bisphosphate carboxylase [bacterium endosymbiont of Escarpia laminata] >gi|1491366091|gb|RLJ21443.1| ribulose 1,5-bisphosphate carboxylase [bacterium endosymbiont of Escarpia laminata]",,
142,141,H,4,459,81.5,.,0,0,459M,"gi|1490350873|gb|RLA02220.1| ribulose 1,5-bisphosphate carboxylase [Gammaproteobacteria bacterium]",RBC3_1 WP_012823967.1,RBC3_1,RBC3_1,II,C,40,2,*,*,*,*,*,"gi|1490350873|gb|RLA02220.1| ribulose 1,5-bisphosphate carboxylase [Gammaproteobacteria bacterium]",,
143,142,H,4,460,78.9,.,0,0,36MD423M,"gi|1270436872|gb|PHS29503.1| ribulose 1,5-bisphosphate carboxylase [Methylophaga sp.]",RBC3_1 WP_012823967.1,RBC3_1,RBC3_1,II,C,41,1,*,*,*,*,*,"gi|1270436872|gb|PHS29503.1| ribulose 1,5-bisphosphate carboxylase [Methylophaga sp.]",,
148,147,H,4,386,84.2,.,0,0,386M73I,"gi|1176749570|gb|OQY67889.1| ribulose 1,5-bisphosphate carboxylase [Rhodocyclaceae bacterium UTPRO2]",RBC3_1 WP_012823967.1,RBC3_1,RBC3_1,II,C,48,2,*,*,*,*,*,"gi|1176749570|gb|OQY67889.1| ribulose 1,5-bisphosphate carboxylase [Rhodocyclaceae bacterium UTPRO2]",,
149,148,H,4,373,88.7,.,0,0,373M86I,"gi|1113378891|gb|OJW42147.1| ribulose 1,5-bisphosphate carboxylase [Thiobacillus sp. 65-1059]",RBC3_1 WP_012823967.1,RBC3_1,RBC3_1,II,H,24,373,91.7,.,0,0,373M86I,"RBG_16_Gammaproteobacteria_62_13_RBG_16_scaffold_11150_2 ribulose-bisphosphate carboxylase (EC:4.1.1.39); K01601 ribulose-bisphosphate carboxylase large chain [EC:4.1.1.39] Tax=RBG_16_Gammaproteobacteria_62_13_curated id=87108755 bin=""Candidatus Muproteobacteria bacterium RBG_16_62_13"" species=RBG_16_Gammaproteobacteria_62_13_curated genus=unknown taxon_order=unknown taxon_class=Gammaproteobacteria phylum=Proteobacteria organism_tax=RBG_16_Gammaproteobacteria_62_13_curated",,
151,150,H,4,451,90.2,.,0,0,6I451M2I,Thiobacillus_denitrificans_AAA9917_REF,RBC3_1 WP_012823967.1,RBC3_1,RBC3_1,II,H,24,451,92.5,.,0,0,6I451M2I,"RBG_16_Gammaproteobacteria_62_13_RBG_16_scaffold_11150_2 ribulose-bisphosphate carboxylase (EC:4.1.1.39); K01601 ribulose-bisphosphate carboxylase large chain [EC:4.1.1.39] Tax=RBG_16_Gammaproteobacteria_62_13_curated id=87108755 bin=""Candidatus Muproteobacteria bacterium RBG_16_62_13"" species=RBG_16_Gammaproteobacteria_62_13_curated genus=unknown taxon_order=unknown taxon_class=Gammaproteobacteria phylum=Proteobacteria organism_tax=RBG_16_Gammaproteobacteria_62_13_curated",,
164,163,H,4,459,72.8,.,0,0,36MD422MI,"gi|1270410779|gb|PHS04047.1| ribulose 1,5-bisphosphate carboxylase [Blastopirellula sp.]",RBC3_1 WP_012823967.1,RBC3_1,RBC3_1,II,C,292,1,*,*,*,*,*,"gi|1270410779|gb|PHS04047.1| ribulose 1,5-bisphosphate carboxylase [Blastopirellula sp.]",,
165,164,H,4,459,89.5,.,0,0,459M,"gi|1232622198|gb|OYY58774.1| ribulose 1,5-bisphosphate carboxylase [Polynucleobacter sp. 35-46-207] >gi|1232823921|gb|OZA41122.1| ribulose 1,5-bisphosphate carboxylase [Polynucleobacter sp. 17-46-58]",RBC3_1 WP_012823967.1,RBC3_1,RBC3_1,II,H,36,459,92.2,.,0,0,459M,gi|1441563929|ref|WP_114973325.1| ribulose-bisphosphate carboxylase [Rhodoferax sp. OTU1],,
166,165,H,4,459,88.7,.,0,0,459M,"gi|1083760340|gb|OGI41543.1| ribulose 1,5-bisphosphate carboxylase [Candidatus Muproteobacteria bacterium RBG_16_62_13]",RBC3_1 WP_012823967.1,RBC3_1,RBC3_1,II,H,24,459,99.8,.,0,0,459M,"RBG_16_Gammaproteobacteria_62_13_RBG_16_scaffold_11150_2 ribulose-bisphosphate carboxylase (EC:4.1.1.39); K01601 ribulose-bisphosphate carboxylase large chain [EC:4.1.1.39] Tax=RBG_16_Gammaproteobacteria_62_13_curated id=87108755 bin=""Candidatus Muproteobacteria bacterium RBG_16_62_13"" species=RBG_16_Gammaproteobacteria_62_13_curated genus=unknown taxon_order=unknown taxon_class=Gammaproteobacteria phylum=Proteobacteria organism_tax=RBG_16_Gammaproteobacteria_62_13_curated",,
167,166,H,4,461,85.4,.,0,0,2D459M,"gi|1321732417|gb|PLX43077.1| ribulose 1,5-bisphosphate carboxylase [Rhizobiales bacterium]",RBC3_1 WP_012823967.1,RBC3_1,RBC3_1,II,C,293,1,*,*,*,*,*,"gi|1321732417|gb|PLX43077.1| ribulose 1,5-bisphosphate carboxylase [Rhizobiales bacterium]",,
169,168,H,4,460,83.0,.,0,0,36MD423M,"gi|1247408842|gb|PCI68138.1| ribulose 1,5-bisphosphate carboxylase [Gammaproteobacteria bacterium]",RBC3_1 WP_012823967.1,RBC3_1,RBC3_1,II,C,295,2,*,*,*,*,*,"gi|1247408842|gb|PCI68138.1| ribulose 1,5-bisphosphate carboxylase [Gammaproteobacteria bacterium]",,
174,173,H,4,459,92.4,.,0,0,459M,"gi|1130414017|ref|WP_075584786.1| ribulose-bisphosphate carboxylase [Rhodoferax antarcticus] >gi|1128865568|gb|OLP08504.1| ribulose 1,5-bisphosphate carboxylase oxygenase form II [Rhodoferax antarcticus ANT.BR] >gi|1133325996|gb|APW47391.1| ribulose 1,5-bisphosphate carboxylase [Rhodoferax antarcticus]",RBC3_1 WP_012823967.1,RBC3_1,RBC3_1,II,H,36,459,90.8,.,0,0,459M,gi|1441563929|ref|WP_114973325.1| ribulose-bisphosphate carboxylase [Rhodoferax sp. OTU1],,
175,174,H,4,459,89.8,.,0,0,459M,"gi|1232811733|gb|OZA29764.1| ribulose 1,5-bisphosphate carboxylase [Hydrogenophilales bacterium 17-64-11]",RBC3_1 WP_012823967.1,RBC3_1,RBC3_1,II,H,24,459,90.6,.,0,0,459M,"RBG_16_Gammaproteobacteria_62_13_RBG_16_scaffold_11150_2 ribulose-bisphosphate carboxylase (EC:4.1.1.39); K01601 ribulose-bisphosphate carboxylase large chain [EC:4.1.1.39] Tax=RBG_16_Gammaproteobacteria_62_13_curated id=87108755 bin=""Candidatus Muproteobacteria bacterium RBG_16_62_13"" species=RBG_16_Gammaproteobacteria_62_13_curated genus=unknown taxon_order=unknown taxon_class=Gammaproteobacteria phylum=Proteobacteria organism_tax=RBG_16_Gammaproteobacteria_62_13_curated",,
178,177,H,4,459,74.5,.,0,0,459M,"gi|1309161937|gb|PKQ23435.1| ribulose 1,5-bisphosphate carboxylase [Actinobacteria bacterium HGW-Actinobacteria-5]",RBC3_1 WP_012823967.1,RBC3_1,RBC3_1,II,C,297,1,*,*,*,*,*,"gi|1309161937|gb|PKQ23435.1| ribulose 1,5-bisphosphate carboxylase [Actinobacteria bacterium HGW-Actinobacteria-5]",,
179,178,H,4,462,80.8,.,0,0,3D459M,"gi|1436066524|gb|RDH90988.1| ribulose 1,5-bisphosphate carboxylase [endosymbiont of Lamellibrachia luymesi] >gi|1436070334|gb|RDH94097.1| ribulose 1,5-bisphosphate carboxylase [endosymbiont of Seepiophila jonesi]",RBC3_1 WP_012823967.1,RBC3_1,RBC3_1,II,C,298,2,*,*,*,*,*,"gi|1436066524|gb|RDH90988.1| ribulose 1,5-bisphosphate carboxylase [endosymbiont of Lamellibrachia luymesi] >gi|1436070334|gb|RDH94097.1| ribulose 1,5-bisphosphate carboxylase [endosymbiont of Seepiophila jonesi]",,
181,180,H,4,456,75.2,.,0,0,456M3I,"gi|1267702416|ref|WP_098461042.1| ribulose-bisphosphate carboxylase [Propionicimonas paludicola] >gi|1261363339|gb|PFG17631.1| ribulose 1,5-bisphosphate carboxylase large subunit [Propionicimonas paludicola]",RBC3_1 WP_012823967.1,RBC3_1,RBC3_1,II,C,299,1,*,*,*,*,*,"gi|1267702416|ref|WP_098461042.1| ribulose-bisphosphate carboxylase [Propionicimonas paludicola] >gi|1261363339|gb|PFG17631.1| ribulose 1,5-bisphosphate carboxylase large subunit [Propionicimonas paludicola]",,
201,198,H,4,459,91.7,.,0,0,459M,"RIFOXYD12_FULL_Burkholderiales_59_19_rifoxyd3_full_scaffold_846_24 ribulose bisphosphate carboxylase (EC:4.1.1.39); K01601 ribulose-bisphosphate carboxylase large chain [EC:4.1.1.39] Tax=RIFOXYD12_FULL_Burkholderiales_59_19_curated id=89956854 bin=""Burkholderiales bacterium RIFOXYD12_FULL_59_19"" species=RIFOXYD12_FULL_Burkholderiales_59_19_curated genus=unknown taxon_order=Burkholderiales taxon_class=Betaproteobacteria phylum=Proteobacteria organism_tax=RIFOXYD12_FULL_Burkholderiales_59_19_curated",RBC3_1 WP_012823967.1,RBC3_1,RBC3_1,II,H,24,459,91.7,.,0,0,459M,"RBG_16_Gammaproteobacteria_62_13_RBG_16_scaffold_11150_2 ribulose-bisphosphate carboxylase (EC:4.1.1.39); K01601 ribulose-bisphosphate carboxylase large chain [EC:4.1.1.39] Tax=RBG_16_Gammaproteobacteria_62_13_curated id=87108755 bin=""Candidatus Muproteobacteria bacterium RBG_16_62_13"" species=RBG_16_Gammaproteobacteria_62_13_curated genus=unknown taxon_order=unknown taxon_class=Gammaproteobacteria phylum=Proteobacteria organism_tax=RBG_16_Gammaproteobacteria_62_13_curated",,
207,204,H,4,459,80.4,.,0,0,459M,"gi|1493459952|ref|WP_121456814.1| ribulose-bisphosphate carboxylase [Azonexus fungiphilus] >gi|1488983621|gb|RKT62339.1| ribulose 1,5-bisphosphate carboxylase large subunit [Azonexus fungiphilus]",RBC3_1 WP_012823967.1,RBC3_1,RBC3_1,II,C,451,2,*,*,*,*,*,"gi|1493459952|ref|WP_121456814.1| ribulose-bisphosphate carboxylase [Azonexus fungiphilus] >gi|1488983621|gb|RKT62339.1| ribulose 1,5-bisphosphate carboxylase large subunit [Azonexus fungiphilus]",,
209,206,H,4,459,93.7,.,0,0,459M,"gi|1308905689|gb|PKO28864.1| ribulose 1,5-bisphosphate carboxylase [Betaproteobacteria bacterium HGW-Betaproteobacteria-9]",RBC3_1 WP_012823967.1,RBC3_1,RBC3_1,II,H,36,459,91.5,.,0,0,459M,gi|1441563929|ref|WP_114973325.1| ribulose-bisphosphate carboxylase [Rhodoferax sp. OTU1],,
210,207,H,4,459,77.8,.,0,0,459M,gi|1546616616|ref|WP_126703635.1| ribulose-bisphosphate carboxylase [Flaviflexus sp. H23T48] >gi|1543011525|gb|AZQ76829.1| ribulose-bisphosphate carboxylase [Flaviflexus sp. H23T48],RBC3_1 WP_012823967.1,RBC3_1,RBC3_1,II,C,452,1,*,*,*,*,*,gi|1546616616|ref|WP_126703635.1| ribulose-bisphosphate carboxylase [Flaviflexus sp. H23T48] >gi|1543011525|gb|AZQ76829.1| ribulose-bisphosphate carboxylase [Flaviflexus sp. H23T48],,
212,209,H,4,461,76.3,.,0,0,459M2D,gi|1543139469|ref|WP_126042219.1| ribulose-bisphosphate carboxylase [Flaviflexus salsibiostraticola] >gi|1537753223|gb|AZN30989.1| ribulose-bisphosphate carboxylase [Flaviflexus salsibiostraticola],RBC3_1 WP_012823967.1,RBC3_1,RBC3_1,II,C,453,1,*,*,*,*,*,gi|1543139469|ref|WP_126042219.1| ribulose-bisphosphate carboxylase [Flaviflexus salsibiostraticola] >gi|1537753223|gb|AZN30989.1| ribulose-bisphosphate carboxylase [Flaviflexus salsibiostraticola],,
215,212,H,4,456,79.6,.,0,0,456M3I,"gi|1309172570|gb|PKQ30859.1| ribulose 1,5-bisphosphate carboxylase [Actinobacteria bacterium HGW-Actinobacteria-2]",RBC3_1 WP_012823967.1,RBC3_1,RBC3_1,II,C,455,1,*,*,*,*,*,"gi|1309172570|gb|PKQ30859.1| ribulose 1,5-bisphosphate carboxylase [Actinobacteria bacterium HGW-Actinobacteria-2]",,
216,213,H,4,383,83.8,.,0,0,383M76I,"gi|1308981157|gb|PKO86757.1| ribulose 1,5-bisphosphate carboxylase [Betaproteobacteria bacterium HGW-Betaproteobacteria-12]",RBC3_1 WP_012823967.1,RBC3_1,RBC3_1,II,H,451,383,91.9,.,0,0,383M76I,"gi|1493459952|ref|WP_121456814.1| ribulose-bisphosphate carboxylase [Azonexus fungiphilus] >gi|1488983621|gb|RKT62339.1| ribulose 1,5-bisphosphate carboxylase large subunit [Azonexus fungiphilus]",,
233,230,H,4,459,72.3,.,0,0,459M,gi|1424446337|ref|WP_112631562.1| ribulose-bisphosphate carboxylase [Rhizobiales bacterium],RBC3_1 WP_012823967.1,RBC3_1,RBC3_1,II,C,582,2,*,*,*,*,*,gi|1424446337|ref|WP_112631562.1| ribulose-bisphosphate carboxylase [Rhizobiales bacterium],,
237,234,H,4,459,81.3,.,0,0,459M,"gi|1490344039|gb|RKZ96530.1| ribulose 1,5-bisphosphate carboxylase [Gammaproteobacteria bacterium]",RBC3_1 WP_012823967.1,RBC3_1,RBC3_1,II,H,40,459,99.8,.,0,0,459M,"gi|1490350873|gb|RLA02220.1| ribulose 1,5-bisphosphate carboxylase [Gammaproteobacteria bacterium]",,
238,235,H,4,460,81.3,.,0,0,459MD,"gi|1309159874|gb|PKQ21758.1| ribulose 1,5-bisphosphate carboxylase [Actinobacteria bacterium HGW-Actinobacteria-5]",RBC3_1 WP_012823967.1,RBC3_1,RBC3_1,II,C,584,1,*,*,*,*,*,"gi|1309159874|gb|PKQ21758.1| ribulose 1,5-bisphosphate carboxylase [Actinobacteria bacterium HGW-Actinobacteria-5]",,
240,237,H,4,459,87.1,.,0,0,459M,"gi|1543854661|gb|RTZ60953.1| ribulose 1,5-bisphosphate carboxylase [Gammaproteobacteria bacterium]",RBC3_1 WP_012823967.1,RBC3_1,RBC3_1,II,C,585,1,*,*,*,*,*,"gi|1543854661|gb|RTZ60953.1| ribulose 1,5-bisphosphate carboxylase [Gammaproteobacteria bacterium]",,
243,240,H,4,460,90.4,.,0,0,37MD422M,"gi|1232592849|gb|OYY32591.1| ribulose 1,5-bisphosphate carboxylase [Polaromonas sp. 35-63-35] >gi|1232685033|gb|OYZ16223.1| ribulose 1,5-bisphosphate carboxylase [Polaromonas sp. 16-63-31] >gi|1232750682|gb|OYZ75898.1| ribulose 1,5-bisphosphate carboxylase [Polaromonas sp. 24-63-21] >gi|1232830483|gb|OZA47247.1| ribulose 1,5-bisphosphate carboxylase [Polaromonas sp. 17-63-33] >gi|1232874505|gb|OZA85341.1| ribulose 1,5-bisphosphate carboxylase [Polaromonas sp. 39-63-25]",RBC3_1 WP_012823967.1,RBC3_1,RBC3_1,II,H,36,460,92.0,.,0,0,36MD423M,gi|1441563929|ref|WP_114973325.1| ribulose-bisphosphate carboxylase [Rhodoferax sp. OTU1],,
254,251,H,4,339,82.9,.,0,0,120I339M,"gi|1490344529|gb|RKZ96959.1| ribulose 1,5-bisphosphate carboxylase [Gammaproteobacteria bacterium]",RBC3_1 WP_012823967.1,RBC3_1,RBC3_1,II,C,588,1,*,*,*,*,*,"gi|1490344529|gb|RKZ96959.1| ribulose 1,5-bisphosphate carboxylase [Gammaproteobacteria bacterium]",,
265,262,H,4,459,93.2,.,0,0,459M,"RIFCSPLOWO2_02_FULL_GWF1_Burkholderiales_66_35_rifcsplowo2_02_scaffold_5007_12 Tax=BJP_08E140C01_Burkholderiales_65_30 id=88645892 bin=""Burkholderiales bacterium RIFCSPLOWO2_02_FULL_66_35"" species=BJP_08E140C01_Burkholderiales_65_30 genus=unknown taxon_order=Burkholderiales taxon_class=Betaproteobacteria phylum=Proteobacteria organism_tax=GWE1_Burkholderiales_65_30_curated, Burkholderiales, Betaproteobacteria, Proteobacteria, Bacteria",RBC3_1 WP_012823967.1,RBC3_1,RBC3_1,II,H,36,459,91.5,.,0,0,459M,gi|1441563929|ref|WP_114973325.1| ribulose-bisphosphate carboxylase [Rhodoferax sp. OTU1],,
266,263,H,4,459,90.0,.,0,0,459M,"RBG_16_Betaproteobacteria_Gallionella_56_24_RBG_16_scaffold_2250_5 cbbM; ribulose bisphosphate carboxylase (EC:4.1.1.39); K01601 ribulose-bisphosphate carboxylase large chain [EC:4.1.1.39] Tax=RBG_16_Betaproteobacteria_56_24_curated id=86953045 bin=""Betaproteobacteria bacterium RBG_16_56_24"" species=RBG_16_Betaproteobacteria_56_24_curated genus=unknown taxon_order=unknown taxon_class=Betaproteobacteria phylum=Proteobacteria organism_tax=RBG_16_Betaproteobacteria_56_24_curated",RBC3_1 WP_012823967.1,RBC3_1,RBC3_1,II,H,24,459,93.7,.,0,0,459M,"RBG_16_Gammaproteobacteria_62_13_RBG_16_scaffold_11150_2 ribulose-bisphosphate carboxylase (EC:4.1.1.39); K01601 ribulose-bisphosphate carboxylase large chain [EC:4.1.1.39] Tax=RBG_16_Gammaproteobacteria_62_13_curated id=87108755 bin=""Candidatus Muproteobacteria bacterium RBG_16_62_13"" species=RBG_16_Gammaproteobacteria_62_13_curated genus=unknown taxon_order=unknown taxon_class=Gammaproteobacteria phylum=Proteobacteria organism_tax=RBG_16_Gammaproteobacteria_62_13_curated",,
268,265,H,4,462,73.7,.,0,0,36MD423M2D,gi|1475682392|ref|WP_118941849.1| ribulose-bisphosphate carboxylase [Rhodobacteraceae bacterium BAR1] >gi|1474796824|gb|AXX97191.1| ribulose-bisphosphate carboxylase [Rhodobacteraceae bacterium BAR1],RBC3_1 WP_012823967.1,RBC3_1,RBC3_1,II,C,683,2,*,*,*,*,*,gi|1475682392|ref|WP_118941849.1| ribulose-bisphosphate carboxylase [Rhodobacteraceae bacterium BAR1] >gi|1474796824|gb|AXX97191.1| ribulose-bisphosphate carboxylase [Rhodobacteraceae bacterium BAR1],,
270,267,H,4,459,83.4,.,0,0,459M,gi|1593210697|ref|WP_132938226.1| ribulose-bisphosphate carboxylase [Varunaivibrio sulfuroxidans] >gi|1588998804|gb|TCS64277.1| ribulose-bisphosphate carboxylase large chain [Varunaivibrio sulfuroxidans],RBC3_1 WP_012823967.1,RBC3_1,RBC3_1,II,C,684,1,*,*,*,*,*,gi|1593210697|ref|WP_132938226.1| ribulose-bisphosphate carboxylase [Varunaivibrio sulfuroxidans] >gi|1588998804|gb|TCS64277.1| ribulose-bisphosphate carboxylase large chain [Varunaivibrio sulfuroxidans],,
285,282,H,4,460,93.0,.,0,0,37MD422M,"gi|1175976778|gb|OQW87047.1| ribulose 1,5-bisphosphate carboxylase [Rhodoferax ferrireducens]",RBC3_1 WP_012823967.1,RBC3_1,RBC3_1,II,H,36,460,90.4,.,0,0,36MD423M,gi|1441563929|ref|WP_114973325.1| ribulose-bisphosphate carboxylase [Rhodoferax sp. OTU1],,
286,283,H,4,462,81.0,.,0,0,3D459M,gi|1313381879|dbj|GBE46758.1| ribulose bisphosphate carboxylase [bacterium BMS3Bbin11] >gi|1313429416|dbj|GBE09411.1| ribulose bisphosphate carboxylase [bacterium BMS3Abin11],RBC3_1 WP_012823967.1,RBC3_1,RBC3_1,II,H,39,462,90.5,.,0,0,462M,"gi|1491363802|gb|RLJ19271.1| ribulose 1,5-bisphosphate carboxylase [bacterium endosymbiont of Escarpia laminata] >gi|1491366091|gb|RLJ21443.1| ribulose 1,5-bisphosphate carboxylase [bacterium endosymbiont of Escarpia laminata]",,
289,286,H,4,458,83.0,.,0,0,33MI425M,"gi|1543856641|gb|RTZ62706.1| ribulose 1,5-bisphosphate carboxylase [Aquificaceae bacterium]",RBC3_1 WP_012823967.1,RBC3_1,RBC3_1,II,C,687,1,*,*,*,*,*,"gi|1543856641|gb|RTZ62706.1| ribulose 1,5-bisphosphate carboxylase [Aquificaceae bacterium]",,
303,300,H,4,462,71.7,.,0,0,36MD423M2D,"gi|1270298019|gb|PHQ94269.1| ribulose 1,5-bisphosphate carboxylase [Marinosulfonomonas sp.]",RBC3_1 WP_012823967.1,RBC3_1,RBC3_1,II,H,683,462,94.6,.,0,0,462M,gi|1475682392|ref|WP_118941849.1| ribulose-bisphosphate carboxylase [Rhodobacteraceae bacterium BAR1] >gi|1474796824|gb|AXX97191.1| ribulose-bisphosphate carboxylase [Rhodobacteraceae bacterium BAR1],,
310,307,H,4,462,86.1,.,0,0,2D459MD,gi|1580659126|gb|TAM47223.1| ribulose-bisphosphate carboxylase [Gammaproteobacteria bacterium],RBC3_1 WP_012823967.1,RBC3_1,RBC3_1,II,C,788,1,*,*,*,*,*,gi|1580659126|gb|TAM47223.1| ribulose-bisphosphate carboxylase [Gammaproteobacteria bacterium],,
311,308,H,4,459,85.0,.,0,0,459M,gi|1553008964|ref|WP_127474816.1| ribulose-bisphosphate carboxylase [Sulfurivermis fontis],RBC3_1 WP_012823967.1,RBC3_1,RBC3_1,II,C,789,2,*,*,*,*,*,gi|1553008964|ref|WP_127474816.1| ribulose-bisphosphate carboxylase [Sulfurivermis fontis],,
312,309,H,4,459,89.1,.,0,0,459M,"gi|1468192776|ref|WP_117180147.1| ribulose-bisphosphate carboxylase [Rhodoferax sp. IMCC26218] >gi|1462220212|gb|RFO94886.1| ribulose 1,5-bisphosphate carboxylase [Rhodoferax sp. IMCC26218]",RBC3_1 WP_012823967.1,RBC3_1,RBC3_1,II,H,36,459,93.7,.,0,0,459M,gi|1441563929|ref|WP_114973325.1| ribulose-bisphosphate carboxylase [Rhodoferax sp. OTU1],,
314,311,H,4,459,90.0,.,0,0,459M,gi|1580365532|gb|TAJ80956.1| ribulose-bisphosphate carboxylase [Gallionellaceae bacterium],RBC3_1 WP_012823967.1,RBC3_1,RBC3_1,II,H,24,459,90.6,.,0,0,459M,"RBG_16_Gammaproteobacteria_62_13_RBG_16_scaffold_11150_2 ribulose-bisphosphate carboxylase (EC:4.1.1.39); K01601 ribulose-bisphosphate carboxylase large chain [EC:4.1.1.39] Tax=RBG_16_Gammaproteobacteria_62_13_curated id=87108755 bin=""Candidatus Muproteobacteria bacterium RBG_16_62_13"" species=RBG_16_Gammaproteobacteria_62_13_curated genus=unknown taxon_order=unknown taxon_class=Gammaproteobacteria phylum=Proteobacteria organism_tax=RBG_16_Gammaproteobacteria_62_13_curated",,
318,315,H,4,459,89.3,.,0,0,459M,gi|502793187|ref|WP_013028163.1| ribulose-bisphosphate carboxylase [Sideroxydans lithotrophicus] >gi|291582606|gb|ADE10264.1| Ribulose-bisphosphate carboxylase [Sideroxydans lithotrophicus ES-1],RBC3_1 WP_012823967.1,RBC3_1,RBC3_1,II,H,24,459,93.2,.,0,0,459M,"RBG_16_Gammaproteobacteria_62_13_RBG_16_scaffold_11150_2 ribulose-bisphosphate carboxylase (EC:4.1.1.39); K01601 ribulose-bisphosphate carboxylase large chain [EC:4.1.1.39] Tax=RBG_16_Gammaproteobacteria_62_13_curated id=87108755 bin=""Candidatus Muproteobacteria bacterium RBG_16_62_13"" species=RBG_16_Gammaproteobacteria_62_13_curated genus=unknown taxon_order=unknown taxon_class=Gammaproteobacteria phylum=Proteobacteria organism_tax=RBG_16_Gammaproteobacteria_62_13_curated",,
325,322,H,4,459,89.3,.,0,0,459M,"GWA2_Rhodocyclales_65_19_gwa2_scaffold_733_95 cbbM; ribulose 1,5-bisphosphate carboxylase, large subunit id=85819622 bin=""Rhodocyclales bacterium GWA2_65_19"" species=Sulfuritalea hydrogenivorans genus=Sulfuritalea taxon_order=Rhodocyclales taxon_class=Betaproteobacteria phylum=Proteobacteria organism_tax=RIFCSPLOWO2_02_FULL_Rhodocyclales_63_24_curated, Rhodocyclales, Betaproteobacteria, Proteobacteria, Bacteria",RBC3_1 WP_012823967.1,RBC3_1,RBC3_1,II,H,24,459,91.1,.,0,0,459M,"RBG_16_Gammaproteobacteria_62_13_RBG_16_scaffold_11150_2 ribulose-bisphosphate carboxylase (EC:4.1.1.39); K01601 ribulose-bisphosphate carboxylase large chain [EC:4.1.1.39] Tax=RBG_16_Gammaproteobacteria_62_13_curated id=87108755 bin=""Candidatus Muproteobacteria bacterium RBG_16_62_13"" species=RBG_16_Gammaproteobacteria_62_13_curated genus=unknown taxon_order=unknown taxon_class=Gammaproteobacteria phylum=Proteobacteria organism_tax=RBG_16_Gammaproteobacteria_62_13_curated",,
327,324,H,4,458,72.9,.,0,0,35MD422M2I,"gi|1270368401|gb|PHR63045.1| ribulose 1,5-bisphosphate carboxylase [Robiginitomaculum sp.]",RBC3_1 WP_012823967.1,RBC3_1,RBC3_1,II,C,884,1,*,*,*,*,*,"gi|1270368401|gb|PHR63045.1| ribulose 1,5-bisphosphate carboxylase [Robiginitomaculum sp.]",,
328,325,H,4,459,85.4,.,0,0,459M,"gi|1545291566|ref|WP_126463461.1| ribulose-bisphosphate carboxylase [Sulfuritortus calidifontis] >gi|1589007073|gb|TCS72414.1| ribulose 1,5-bisphosphate carboxylase large subunit [Sulfuritortus calidifontis]",RBC3_1 WP_012823967.1,RBC3_1,RBC3_1,II,H,789,459,93.5,.,0,0,459M,gi|1553008964|ref|WP_127474816.1| ribulose-bisphosphate carboxylase [Sulfurivermis fontis],,
330,327,H,4,463,79.6,.,0,0,3D37MD422M,"gi|1490358673|gb|RLA08922.1| ribulose 1,5-bisphosphate carboxylase [Gammaproteobacteria bacterium]",RBC3_1 WP_012823967.1,RBC3_1,RBC3_1,II,C,885,1,*,*,*,*,*,"gi|1490358673|gb|RLA08922.1| ribulose 1,5-bisphosphate carboxylase [Gammaproteobacteria bacterium]",,
338,335,H,4,459,89.1,.,0,0,459M,"gi|1493024046|ref|WP_121239673.1| ribulose-bisphosphate carboxylase [Sulfurisoma sediminicola] >gi|1491474246|gb|RLJ67704.1| ribulose 1,5-bisphosphate carboxylase large subunit [Sulfurisoma sediminicola]",RBC3_1 WP_012823967.1,RBC3_1,RBC3_1,II,C,886,1,*,*,*,*,*,"gi|1493024046|ref|WP_121239673.1| ribulose-bisphosphate carboxylase [Sulfurisoma sediminicola] >gi|1491474246|gb|RLJ67704.1| ribulose 1,5-bisphosphate carboxylase large subunit [Sulfurisoma sediminicola]",,
345,342,H,4,460,83.0,.,0,0,455MD4M,"gi|1595789887|gb|TDM05493.1| ribulose 1,5-bisphosphate carboxylase [Ideonella sp. MAG2]",RBC3_1 WP_012823967.1,RBC3_1,RBC3_1,II,C,887,1,*,*,*,*,*,"gi|1595789887|gb|TDM05493.1| ribulose 1,5-bisphosphate carboxylase [Ideonella sp. MAG2]",,
348,345,H,4,464,87.8,.,0,0,2D459M3D,"gi|1302531111|ref|WP_100919585.1| ribulose-bisphosphate carboxylase [Candidatus Thiodictyon syntrophicum] >gi|383617676|gb|AFH41837.1| ribulose 1,5-bisphosphate carboxylase large subunit CbbM [Candidatus Thiodictyon syntrophicum str. Cad16] >gi|387538555|gb|AFJ79546.1| ribulose-1,5-bisphosphate carboxylase/oxygenase large subunit [Candidatus Thiodictyon syntrophicum str. Cad16] >gi|1297908158|gb|AUB81831.1| ribulose 1,5-bisphosphate carboxylase [Candidatus Thiodictyon syntrophicum]",RBC3_1 WP_012823967.1,RBC3_1,RBC3_1,II,C,888,1,*,*,*,*,*,"gi|1302531111|ref|WP_100919585.1| ribulose-bisphosphate carboxylase [Candidatus Thiodictyon syntrophicum] >gi|383617676|gb|AFH41837.1| ribulose 1,5-bisphosphate carboxylase large subunit CbbM [Candidatus Thiodictyon syntrophicum str. Cad16] >gi|387538555|gb|AFJ79546.1| ribulose-1,5-bisphosphate carboxylase/oxygenase large subunit [Candidatus Thiodictyon syntrophicum str. Cad16] >gi|1297908158|gb|AUB81831.1| ribulose 1,5-bisphosphate carboxylase [Candidatus Thiodictyon syntrophicum]",,
349,346,H,4,457,77.9,.,0,0,457M2I,"gi|1390581273|ref|WP_109093825.1| ribulose-bisphosphate carboxylase [Actinomycetaceae bacterium sk1b4] >gi|1389306815|gb|PWF25998.1| ribulose 1,5-bisphosphate carboxylase [Actinomycetaceae bacterium sk1b4]",RBC3_1 WP_012823967.1,RBC3_1,RBC3_1,II,C,889,1,*,*,*,*,*,"gi|1390581273|ref|WP_109093825.1| ribulose-bisphosphate carboxylase [Actinomycetaceae bacterium sk1b4] >gi|1389306815|gb|PWF25998.1| ribulose 1,5-bisphosphate carboxylase [Actinomycetaceae bacterium sk1b4]",,
354,351,H,4,459,72.3,.,0,0,459M,"gi|1393552625|ref|WP_109855072.1| ribulose-bisphosphate carboxylase [Ensifer adhaerens] >gi|1247752133|emb|SOC82831.1| ribulose-1,5-bisphosphate carboxylase/oxygenase large subunit [Ensifer adhaerens]",RBC3_1 WP_012823967.1,RBC3_1,RBC3_1,II,H,582,459,96.9,.,0,0,459M,gi|1424446337|ref|WP_112631562.1| ribulose-bisphosphate carboxylase [Rhizobiales bacterium],,
355,352,H,4,459,85.2,.,0,0,459M,"gi|1463416041|ref|WP_116533093.1| ribulose-bisphosphate carboxylase [Rhodocyclales bacterium] >gi|1388068217|gb|PWB44351.1| ribulose 1,5-bisphosphate carboxylase [Rhodocyclales bacterium]",RBC3_1 WP_012823967.1,RBC3_1,RBC3_1,II,H,48,459,96.9,.,0,0,386M73D,"gi|1176749570|gb|OQY67889.1| ribulose 1,5-bisphosphate carboxylase [Rhodocyclaceae bacterium UTPRO2]",,
359,356,H,4,460,81.7,.,0,0,36MD423M,"gi|1270425866|gb|PHS18804.1| ribulose 1,5-bisphosphate carboxylase [Kangiella sp.]",RBC3_1 WP_012823967.1,RBC3_1,RBC3_1,II,H,295,460,97.4,.,0,0,460M,"gi|1247408842|gb|PCI68138.1| ribulose 1,5-bisphosphate carboxylase [Gammaproteobacteria bacterium]",,
360,357,H,4,459,93.2,.,0,0,459M,gi|1526744186|ref|WP_124705527.1| ribulose-bisphosphate carboxylase [Sulfuriferula multivorans] >gi|1497288183|dbj|GBL46747.1| ribulose bisphosphate carboxylase [Sulfuriferula multivorans],RBC3_1 WP_012823967.1,RBC3_1,RBC3_1,II,H,36,459,94.1,.,0,0,459M,gi|1441563929|ref|WP_114973325.1| ribulose-bisphosphate carboxylase [Rhodoferax sp. OTU1],,
362,359,H,4,459,89.8,.,0,0,459M,"gi|1308950324|gb|PKO62993.1| ribulose 1,5-bisphosphate carboxylase [Betaproteobacteria bacterium HGW-Betaproteobacteria-18]",RBC3_1 WP_012823967.1,RBC3_1,RBC3_1,II,H,24,459,91.9,.,0,0,459M,"RBG_16_Gammaproteobacteria_62_13_RBG_16_scaffold_11150_2 ribulose-bisphosphate carboxylase (EC:4.1.1.39); K01601 ribulose-bisphosphate carboxylase large chain [EC:4.1.1.39] Tax=RBG_16_Gammaproteobacteria_62_13_curated id=87108755 bin=""Candidatus Muproteobacteria bacterium RBG_16_62_13"" species=RBG_16_Gammaproteobacteria_62_13_curated genus=unknown taxon_order=unknown taxon_class=Gammaproteobacteria phylum=Proteobacteria organism_tax=RBG_16_Gammaproteobacteria_62_13_curated",,
367,364,H,4,460,80.2,.,0,0,36MD423M,"gi|1436060731|gb|RDH85685.1| ribulose 1,5-bisphosphate carboxylase [endosymbiont of Galathealinum brachiosum]",RBC3_1 WP_012823967.1,RBC3_1,RBC3_1,II,C,954,1,*,*,*,*,*,"gi|1436060731|gb|RDH85685.1| ribulose 1,5-bisphosphate carboxylase [endosymbiont of Galathealinum brachiosum]",,
370,367,H,4,462,82.6,.,0,0,3D459M,"gi|1490306747|gb|RKZ65421.1| ribulose 1,5-bisphosphate carboxylase [Gammaproteobacteria bacterium]",RBC3_1 WP_012823967.1,RBC3_1,RBC3_1,II,H,298,462,92.4,.,0,0,462M,"gi|1436066524|gb|RDH90988.1| ribulose 1,5-bisphosphate carboxylase [endosymbiont of Lamellibrachia luymesi] >gi|1436070334|gb|RDH94097.1| ribulose 1,5-bisphosphate carboxylase [endosymbiont of Seepiophila jonesi]",,
414,411,H,19,469,83.0,.,0,0,2D466MD,gi|1498177082|gb|RMG34467.1| ribulose-bisphosphate carboxylase [Gammaproteobacteria bacterium],gi|657350008|ref|WP_029406688.1| ribulose-bisphosphate carboxylase [Thiomicrorhabdus sp. Milos-T2],gi|657350008|ref|WP_029406688.1|,gi|657350008|ref|WP_029406688.1|,II,C,458,4,*,*,*,*,*,gi|1498177082|gb|RMG34467.1| ribulose-bisphosphate carboxylase [Gammaproteobacteria bacterium],,
415,412,H,19,470,82.3,.,0,0,82M4D384M,"gi|1280941519|ref|WP_100265183.1| ribulose-bisphosphate carboxylase [Mariprofundus ferrinatatus] >gi|1279980504|gb|ATX81760.1| ribulose 1,5-bisphosphate carboxylase large subunit [Mariprofundus ferrinatatus]",gi|657350008|ref|WP_029406688.1| ribulose-bisphosphate carboxylase [Thiomicrorhabdus sp. Milos-T2],gi|657350008|ref|WP_029406688.1|,gi|657350008|ref|WP_029406688.1|,II,C,459,1,*,*,*,*,*,"gi|1280941519|ref|WP_100265183.1| ribulose-bisphosphate carboxylase [Mariprofundus ferrinatatus] >gi|1279980504|gb|ATX81760.1| ribulose 1,5-bisphosphate carboxylase large subunit [Mariprofundus ferrinatatus]",,
416,413,H,19,468,86.1,.,0,0,2D466M,gi|1498271203|gb|RMH14716.1| ribulose-bisphosphate carboxylase [Gammaproteobacteria bacterium],gi|657350008|ref|WP_029406688.1| ribulose-bisphosphate carboxylase [Thiomicrorhabdus sp. Milos-T2],gi|657350008|ref|WP_029406688.1|,gi|657350008|ref|WP_029406688.1|,II,C,460,1,*,*,*,*,*,gi|1498271203|gb|RMH14716.1| ribulose-bisphosphate carboxylase [Gammaproteobacteria bacterium],,
423,420,H,19,469,79.0,.,0,0,2D466MD,gi|1497995835|gb|RME85775.1| ribulose-bisphosphate carboxylase [Zetaproteobacteria bacterium],gi|657350008|ref|WP_029406688.1| ribulose-bisphosphate carboxylase [Thiomicrorhabdus sp. Milos-T2],gi|657350008|ref|WP_029406688.1|,gi|657350008|ref|WP_029406688.1|,II,C,587,1,*,*,*,*,*,gi|1497995835|gb|RME85775.1| ribulose-bisphosphate carboxylase [Zetaproteobacteria bacterium],,
427,424,H,19,369,87.5,.,0,0,37I369M60I,gi|1498094249|gb|RMF65009.1| ribulose-bisphosphate carboxylase [Bacteroidetes bacterium],gi|657350008|ref|WP_029406688.1| ribulose-bisphosphate carboxylase [Thiomicrorhabdus sp. Milos-T2],gi|657350008|ref|WP_029406688.1|,gi|657350008|ref|WP_029406688.1|,II,H,458,369,95.7,.,0,0,39I369M61I,gi|1498177082|gb|RMG34467.1| ribulose-bisphosphate carboxylase [Gammaproteobacteria bacterium],,
431,428,H,19,466,78.5,.,0,0,466M,gi|1498313314|gb|RMH52320.1| ribulose-bisphosphate carboxylase [Zetaproteobacteria bacterium],gi|657350008|ref|WP_029406688.1| ribulose-bisphosphate carboxylase [Thiomicrorhabdus sp. Milos-T2],gi|657350008|ref|WP_029406688.1|,gi|657350008|ref|WP_029406688.1|,II,C,790,1,*,*,*,*,*,gi|1498313314|gb|RMH52320.1| ribulose-bisphosphate carboxylase [Zetaproteobacteria bacterium],,
432,429,H,19,469,83.5,.,0,0,2D466MD,gi|1498196442|gb|RMG51672.1| ribulose-bisphosphate carboxylase [Gammaproteobacteria bacterium],gi|657350008|ref|WP_029406688.1| ribulose-bisphosphate carboxylase [Thiomicrorhabdus sp. Milos-T2],gi|657350008|ref|WP_029406688.1|,gi|657350008|ref|WP_029406688.1|,II,H,458,469,95.1,.,0,0,469M,gi|1498177082|gb|RMG34467.1| ribulose-bisphosphate carboxylase [Gammaproteobacteria bacterium],,
439,436,H,19,467,81.5,.,0,0,466MD,gi|1498172818|gb|RMG30778.1| ribulose-bisphosphate carboxylase [Gammaproteobacteria bacterium],gi|657350008|ref|WP_029406688.1| ribulose-bisphosphate carboxylase [Thiomicrorhabdus sp. Milos-T2],gi|657350008|ref|WP_029406688.1|,gi|657350008|ref|WP_029406688.1|,II,H,458,467,92.3,.,0,0,2I467M,gi|1498177082|gb|RMG34467.1| ribulose-bisphosphate carboxylase [Gammaproteobacteria bacterium],,
442,439,H,21,551,99.3,.,0,0,551M,"gi|37730374|gb|AAO13084.1| ribulose 1,5-bisphosphate carboxylase oxygenase form II [Prorocentrum minimum]","gi|37730366|gb|AAO13081.1| ribulose 1,5-bisphosphate carboxylase oxygenase form II, partial [Prorocentrum minimum] >gi|37731696|gb|AAO13021.1| ribulose 1,5-bisphosphate carboxylase oxygenase form II, partial [Prorocentrum minimum] >gi|37731699|gb|AAO13022.1| ribulose 1,5-bisphosphate carboxylase oxygenase form II, partial [Prorocentrum minimum] >gi|37731701|gb|AAO13023.1| ribulose 1,5-bisphosphate carboxylase oxygenase form II [Prorocentrum minimum]",gi|37730366|gb|AAO13081.1|,gi|37730366|gb|AAO13081.1|,II,H,50,551,99.3,.,0,0,551M,"gi|37730366|gb|AAO13081.1| ribulose 1,5-bisphosphate carboxylase oxygenase form II, partial [Prorocentrum minimum] >gi|37731696|gb|AAO13021.1| ribulose 1,5-bisphosphate carboxylase oxygenase form II, partial [Prorocentrum minimum] >gi|37731699|gb|AAO13022.1| ribulose 1,5-bisphosphate carboxylase oxygenase form II, partial [Prorocentrum minimum] >gi|37731701|gb|AAO13023.1| ribulose 1,5-bisphosphate carboxylase oxygenase form II [Prorocentrum minimum]",,
443,440,H,21,306,99.0,.,0,0,306M245I,"gi|37731749|gb|AAO13042.1| ribulose 1,5-bisphosphate carboxylase oxygenase form II [Prorocentrum minimum]","gi|37730366|gb|AAO13081.1| ribulose 1,5-bisphosphate carboxylase oxygenase form II, partial [Prorocentrum minimum] >gi|37731696|gb|AAO13021.1| ribulose 1,5-bisphosphate carboxylase oxygenase form II, partial [Prorocentrum minimum] >gi|37731699|gb|AAO13022.1| ribulose 1,5-bisphosphate carboxylase oxygenase form II, partial [Prorocentrum minimum] >gi|37731701|gb|AAO13023.1| ribulose 1,5-bisphosphate carboxylase oxygenase form II [Prorocentrum minimum]",gi|37730366|gb|AAO13081.1|,gi|37730366|gb|AAO13081.1|,II,H,50,306,99.0,.,0,0,306M245I,"gi|37730366|gb|AAO13081.1| ribulose 1,5-bisphosphate carboxylase oxygenase form II, partial [Prorocentrum minimum] >gi|37731696|gb|AAO13021.1| ribulose 1,5-bisphosphate carboxylase oxygenase form II, partial [Prorocentrum minimum] >gi|37731699|gb|AAO13022.1| ribulose 1,5-bisphosphate carboxylase oxygenase form II, partial [Prorocentrum minimum] >gi|37731701|gb|AAO13023.1| ribulose 1,5-bisphosphate carboxylase oxygenase form II [Prorocentrum minimum]",,
444,441,H,21,310,98.4,.,0,0,310M241I,"gi|37731797|gb|AAO13048.1| ribulose 1,5-bisphosphate carboxylase oxygenase form II [Prorocentrum minimum]","gi|37730366|gb|AAO13081.1| ribulose 1,5-bisphosphate carboxylase oxygenase form II, partial [Prorocentrum minimum] >gi|37731696|gb|AAO13021.1| ribulose 1,5-bisphosphate carboxylase oxygenase form II, partial [Prorocentrum minimum] >gi|37731699|gb|AAO13022.1| ribulose 1,5-bisphosphate carboxylase oxygenase form II, partial [Prorocentrum minimum] >gi|37731701|gb|AAO13023.1| ribulose 1,5-bisphosphate carboxylase oxygenase form II [Prorocentrum minimum]",gi|37730366|gb|AAO13081.1|,gi|37730366|gb|AAO13081.1|,II,H,50,310,98.4,.,0,0,310M241I,"gi|37730366|gb|AAO13081.1| ribulose 1,5-bisphosphate carboxylase oxygenase form II, partial [Prorocentrum minimum] >gi|37731696|gb|AAO13021.1| ribulose 1,5-bisphosphate carboxylase oxygenase form II, partial [Prorocentrum minimum] >gi|37731699|gb|AAO13022.1| ribulose 1,5-bisphosphate carboxylase oxygenase form II, partial [Prorocentrum minimum] >gi|37731701|gb|AAO13023.1| ribulose 1,5-bisphosphate carboxylase oxygenase form II [Prorocentrum minimum]",,
445,442,H,21,551,98.9,.,0,0,551M,"gi|37731709|gb|AAO13027.1| ribulose 1,5-bisphosphate carboxylase oxygenase form II [Prorocentrum minimum]","gi|37730366|gb|AAO13081.1| ribulose 1,5-bisphosphate carboxylase oxygenase form II, partial [Prorocentrum minimum] >gi|37731696|gb|AAO13021.1| ribulose 1,5-bisphosphate carboxylase oxygenase form II, partial [Prorocentrum minimum] >gi|37731699|gb|AAO13022.1| ribulose 1,5-bisphosphate carboxylase oxygenase form II, partial [Prorocentrum minimum] >gi|37731701|gb|AAO13023.1| ribulose 1,5-bisphosphate carboxylase oxygenase form II [Prorocentrum minimum]",gi|37730366|gb|AAO13081.1|,gi|37730366|gb|AAO13081.1|,II,H,50,551,98.9,.,0,0,551M,"gi|37730366|gb|AAO13081.1| ribulose 1,5-bisphosphate carboxylase oxygenase form II, partial [Prorocentrum minimum] >gi|37731696|gb|AAO13021.1| ribulose 1,5-bisphosphate carboxylase oxygenase form II, partial [Prorocentrum minimum] >gi|37731699|gb|AAO13022.1| ribulose 1,5-bisphosphate carboxylase oxygenase form II, partial [Prorocentrum minimum] >gi|37731701|gb|AAO13023.1| ribulose 1,5-bisphosphate carboxylase oxygenase form II [Prorocentrum minimum]",,
446,443,H,21,551,98.9,.,0,0,551M,"gi|37731704|gb|AAO13024.1| ribulose 1,5-bisphosphate carboxylase oxygenase form II [Prorocentrum minimum]","gi|37730366|gb|AAO13081.1| ribulose 1,5-bisphosphate carboxylase oxygenase form II, partial [Prorocentrum minimum] >gi|37731696|gb|AAO13021.1| ribulose 1,5-bisphosphate carboxylase oxygenase form II, partial [Prorocentrum minimum] >gi|37731699|gb|AAO13022.1| ribulose 1,5-bisphosphate carboxylase oxygenase form II, partial [Prorocentrum minimum] >gi|37731701|gb|AAO13023.1| ribulose 1,5-bisphosphate carboxylase oxygenase form II [Prorocentrum minimum]",gi|37730366|gb|AAO13081.1|,gi|37730366|gb|AAO13081.1|,II,H,50,551,98.9,.,0,0,551M,"gi|37730366|gb|AAO13081.1| ribulose 1,5-bisphosphate carboxylase oxygenase form II, partial [Prorocentrum minimum] >gi|37731696|gb|AAO13021.1| ribulose 1,5-bisphosphate carboxylase oxygenase form II, partial [Prorocentrum minimum] >gi|37731699|gb|AAO13022.1| ribulose 1,5-bisphosphate carboxylase oxygenase form II, partial [Prorocentrum minimum] >gi|37731701|gb|AAO13023.1| ribulose 1,5-bisphosphate carboxylase oxygenase form II [Prorocentrum minimum]",,
448,445,H,21,551,98.7,.,0,0,551M,"gi|37730371|gb|AAO13083.1| ribulose 1,5-bisphosphate carboxylase oxygenase form II [Prorocentrum minimum]","gi|37730366|gb|AAO13081.1| ribulose 1,5-bisphosphate carboxylase oxygenase form II, partial [Prorocentrum minimum] >gi|37731696|gb|AAO13021.1| ribulose 1,5-bisphosphate carboxylase oxygenase form II, partial [Prorocentrum minimum] >gi|37731699|gb|AAO13022.1| ribulose 1,5-bisphosphate carboxylase oxygenase form II, partial [Prorocentrum minimum] >gi|37731701|gb|AAO13023.1| ribulose 1,5-bisphosphate carboxylase oxygenase form II [Prorocentrum minimum]",gi|37730366|gb|AAO13081.1|,gi|37730366|gb|AAO13081.1|,II,H,50,551,98.7,.,0,0,551M,"gi|37730366|gb|AAO13081.1| ribulose 1,5-bisphosphate carboxylase oxygenase form II, partial [Prorocentrum minimum] >gi|37731696|gb|AAO13021.1| ribulose 1,5-bisphosphate carboxylase oxygenase form II, partial [Prorocentrum minimum] >gi|37731699|gb|AAO13022.1| ribulose 1,5-bisphosphate carboxylase oxygenase form II, partial [Prorocentrum minimum] >gi|37731701|gb|AAO13023.1| ribulose 1,5-bisphosphate carboxylase oxygenase form II [Prorocentrum minimum]",,
449,446,H,21,551,99.5,.,0,0,551M,"gi|37730378|gb|AAO13085.1| ribulose 1,5-bisphosphate carboxylase oxygenase form II, partial [Prorocentrum minimum] >gi|37731725|gb|AAO13033.1| ribulose 1,5-bisphosphate carboxylase oxygenase form II, partial [Prorocentrum minimum] >gi|37731728|gb|AAO13034.1| ribulose 1,5-bisphosphate carboxylase oxygenase form II, partial [Prorocentrum minimum] >gi|37731730|gb|AAO13035.1| ribulose 1,5-bisphosphate carboxylase oxygenase form II, partial [Prorocentrum minimum] >gi|37731735|gb|AAO13037.1| ribulose 1,5-bisphosphate carboxylase oxygenase form II, partial [Prorocentrum minimum] >gi|37731738|gb|AAO13038.1| ribulose 1,5-bisphosphate carboxylase oxygenase form II, partial [Prorocentrum minimum] >gi|37731741|gb|AAO13039.1| ribulose 1,5-bisphosphate carboxylase oxygenase form II, partial [Prorocentrum minimum] >gi|37731744|gb|AAO13040.1| ribulose 1,5-bisphosphate carboxylase oxygenase form II, partial [Prorocentrum minimum] >gi|37731746|gb|AAO13041.1| ribulose 1,5-bisphosphate carboxylase oxygenase form II, partial [Prorocentrum minimum] >gi|37731829|gb|AAO13056.1| ribulose 1,5-bisphosphate carboxylase oxygenase form II [Prorocentrum minimum]","gi|37730366|gb|AAO13081.1| ribulose 1,5-bisphosphate carboxylase oxygenase form II, partial [Prorocentrum minimum] >gi|37731696|gb|AAO13021.1| ribulose 1,5-bisphosphate carboxylase oxygenase form II, partial [Prorocentrum minimum] >gi|37731699|gb|AAO13022.1| ribulose 1,5-bisphosphate carboxylase oxygenase form II, partial [Prorocentrum minimum] >gi|37731701|gb|AAO13023.1| ribulose 1,5-bisphosphate carboxylase oxygenase form II [Prorocentrum minimum]",gi|37730366|gb|AAO13081.1|,gi|37730366|gb|AAO13081.1|,II,H,50,551,99.5,.,0,0,551M,"gi|37730366|gb|AAO13081.1| ribulose 1,5-bisphosphate carboxylase oxygenase form II, partial [Prorocentrum minimum] >gi|37731696|gb|AAO13021.1| ribulose 1,5-bisphosphate carboxylase oxygenase form II, partial [Prorocentrum minimum] >gi|37731699|gb|AAO13022.1| ribulose 1,5-bisphosphate carboxylase oxygenase form II, partial [Prorocentrum minimum] >gi|37731701|gb|AAO13023.1| ribulose 1,5-bisphosphate carboxylase oxygenase form II [Prorocentrum minimum]",,
450,447,H,21,551,98.9,.,0,0,551M,"gi|37730369|gb|AAO13082.1| ribulose 1,5-bisphosphate carboxylase oxygenase form II, partial [Prorocentrum minimum] >gi|37731712|gb|AAO13028.1| ribulose 1,5-bisphosphate carboxylase oxygenase form II, partial [Prorocentrum minimum] >gi|37731714|gb|AAO13029.1| ribulose 1,5-bisphosphate carboxylase oxygenase form II [Prorocentrum minimum]","gi|37730366|gb|AAO13081.1| ribulose 1,5-bisphosphate carboxylase oxygenase form II, partial [Prorocentrum minimum] >gi|37731696|gb|AAO13021.1| ribulose 1,5-bisphosphate carboxylase oxygenase form II, partial [Prorocentrum minimum] >gi|37731699|gb|AAO13022.1| ribulose 1,5-bisphosphate carboxylase oxygenase form II, partial [Prorocentrum minimum] >gi|37731701|gb|AAO13023.1| ribulose 1,5-bisphosphate carboxylase oxygenase form II [Prorocentrum minimum]",gi|37730366|gb|AAO13081.1|,gi|37730366|gb|AAO13081.1|,II,H,50,551,98.9,.,0,0,551M,"gi|37730366|gb|AAO13081.1| ribulose 1,5-bisphosphate carboxylase oxygenase form II, partial [Prorocentrum minimum] >gi|37731696|gb|AAO13021.1| ribulose 1,5-bisphosphate carboxylase oxygenase form II, partial [Prorocentrum minimum] >gi|37731699|gb|AAO13022.1| ribulose 1,5-bisphosphate carboxylase oxygenase form II, partial [Prorocentrum minimum] >gi|37731701|gb|AAO13023.1| ribulose 1,5-bisphosphate carboxylase oxygenase form II [Prorocentrum minimum]",,
451,448,H,21,305,99.0,.,0,0,305M246I,"gi|37731805|gb|AAO13050.1| ribulose 1,5-bisphosphate carboxylase oxygenase form II [Prorocentrum minimum]","gi|37730366|gb|AAO13081.1| ribulose 1,5-bisphosphate carboxylase oxygenase form II, partial [Prorocentrum minimum] >gi|37731696|gb|AAO13021.1| ribulose 1,5-bisphosphate carboxylase oxygenase form II, partial [Prorocentrum minimum] >gi|37731699|gb|AAO13022.1| ribulose 1,5-bisphosphate carboxylase oxygenase form II, partial [Prorocentrum minimum] >gi|37731701|gb|AAO13023.1| ribulose 1,5-bisphosphate carboxylase oxygenase form II [Prorocentrum minimum]",gi|37730366|gb|AAO13081.1|,gi|37730366|gb|AAO13081.1|,II,H,50,305,99.0,.,0,0,305M246I,"gi|37730366|gb|AAO13081.1| ribulose 1,5-bisphosphate carboxylase oxygenase form II, partial [Prorocentrum minimum] >gi|37731696|gb|AAO13021.1| ribulose 1,5-bisphosphate carboxylase oxygenase form II, partial [Prorocentrum minimum] >gi|37731699|gb|AAO13022.1| ribulose 1,5-bisphosphate carboxylase oxygenase form II, partial [Prorocentrum minimum] >gi|37731701|gb|AAO13023.1| ribulose 1,5-bisphosphate carboxylase oxygenase form II [Prorocentrum minimum]",,
452,449,C,21,11,*,*,*,*,*,"gi|37730366|gb|AAO13081.1| ribulose 1,5-bisphosphate carboxylase oxygenase form II, partial [Prorocentrum minimum] >gi|37731696|gb|AAO13021.1| ribulose 1,5-bisphosphate carboxylase oxygenase form II, partial [Prorocentrum minimum] >gi|37731699|gb|AAO13022.1| ribulose 1,5-bisphosphate carboxylase oxygenase form II, partial [Prorocentrum minimum] >gi|37731701|gb|AAO13023.1| ribulose 1,5-bisphosphate carboxylase oxygenase form II [Prorocentrum minimum]","gi|37730366|gb|AAO13081.1| ribulose 1,5-bisphosphate carboxylase oxygenase form II, partial [Prorocentrum minimum] >gi|37731696|gb|AAO13021.1| ribulose 1,5-bisphosphate carboxylase oxygenase form II, partial [Prorocentrum minimum] >gi|37731699|gb|AAO13022.1| ribulose 1,5-bisphosphate carboxylase oxygenase form II, partial [Prorocentrum minimum] >gi|37731701|gb|AAO13023.1| ribulose 1,5-bisphosphate carboxylase oxygenase form II [Prorocentrum minimum]",gi|37730366|gb|AAO13081.1|,gi|37730366|gb|AAO13081.1|,II,C,50,10,*,*,*,*,*,"gi|37730366|gb|AAO13081.1| ribulose 1,5-bisphosphate carboxylase oxygenase form II, partial [Prorocentrum minimum] >gi|37731696|gb|AAO13021.1| ribulose 1,5-bisphosphate carboxylase oxygenase form II, partial [Prorocentrum minimum] >gi|37731699|gb|AAO13022.1| ribulose 1,5-bisphosphate carboxylase oxygenase form II, partial [Prorocentrum minimum] >gi|37731701|gb|AAO13023.1| ribulose 1,5-bisphosphate carboxylase oxygenase form II [Prorocentrum minimum]",,
23068,23065,H,233,461,73.1,.,0,0,26M8I434MD,"gi|1246848111|ref|WP_096432599.1| ribulose-bisphosphate carboxylase [Thioclava arenosa] >gi|1246403055|gb|PCD76858.1| ribulose 1,5-bisphosphate carboxylase [Thioclava arenosa]",RBC_22 gi|269148484|gb|ACZ28625.1|,RBC_22,RBC_22,II,C,448,1,*,*,*,*,*,"gi|1246848111|ref|WP_096432599.1| ribulose-bisphosphate carboxylase [Thioclava arenosa] >gi|1246403055|gb|PCD76858.1| ribulose 1,5-bisphosphate carboxylase [Thioclava arenosa]",,
23071,23068,H,233,460,70.9,.,0,0,36M7I424MI,"gi|1490380850|gb|RLA27523.1| ribulose 1,5-bisphosphate carboxylase [Gammaproteobacteria bacterium]",RBC_22 gi|269148484|gb|ACZ28625.1|,RBC_22,RBC_22,II,C,581,3,*,*,*,*,*,"gi|1490380850|gb|RLA27523.1| ribulose 1,5-bisphosphate carboxylase [Gammaproteobacteria bacterium]",,
23076,23073,H,233,460,71.1,.,0,0,36M7I424MI,"gi|1490383546|gb|RLA29832.1| ribulose 1,5-bisphosphate carboxylase [Gammaproteobacteria bacterium]",RBC_22 gi|269148484|gb|ACZ28625.1|,RBC_22,RBC_22,II,H,581,460,97.4,.,0,0,460M,"gi|1490380850|gb|RLA27523.1| ribulose 1,5-bisphosphate carboxylase [Gammaproteobacteria bacterium]",,
23084,23080,H,233,461,70.5,.,0,0,26M8I434MD,"gi|1278328923|gb|PIY72801.1| ribulose 1,5-bisphosphate carboxylase [Rhodobacterales bacterium CG_4_10_14_0_8_um_filter_70_9]",RBC_22 gi|269148484|gb|ACZ28625.1|,RBC_22,RBC_22,II,C,880,2,*,*,*,*,*,"gi|1278328923|gb|PIY72801.1| ribulose 1,5-bisphosphate carboxylase [Rhodobacterales bacterium CG_4_10_14_0_8_um_filter_70_9]",,
23085,23081,H,233,460,70.1,.,0,0,26M8I434M,"gi|1430747457|ref|WP_113889200.1| ribulose-bisphosphate carboxylase [Roseiarcus fermentans] >gi|1423362278|gb|RBP14062.1| ribulose 1,5-bisphosphate carboxylase large subunit [Roseiarcus fermentans]",RBC_22 gi|269148484|gb|ACZ28625.1|,RBC_22,RBC_22,II,C,882,1,*,*,*,*,*,"gi|1430747457|ref|WP_113889200.1| ribulose-bisphosphate carboxylase [Roseiarcus fermentans] >gi|1423362278|gb|RBP14062.1| ribulose 1,5-bisphosphate carboxylase large subunit [Roseiarcus fermentans]",,
23086,23082,H,233,460,71.3,.,0,0,36M7I424MI,"gi|1490382498|gb|RLA28912.1| ribulose 1,5-bisphosphate carboxylase [Gammaproteobacteria bacterium]",RBC_22 gi|269148484|gb|ACZ28625.1|,RBC_22,RBC_22,II,H,581,460,97.6,.,0,0,460M,"gi|1490380850|gb|RLA27523.1| ribulose 1,5-bisphosphate carboxylase [Gammaproteobacteria bacterium]",,
23094,23089,H,0,417,81.0,.,0,0,23I119MD296MD,"gi|1572539554|emb|VDD88846.1| RuBisCO long chain, Form II/III [uncultured bacterium]",RBC_38 gi|406907169|gb|EKD48085.1|,RBC_38,RBC_38,II/III,C,689,1,*,*,*,*,*,"gi|1572539554|emb|VDD88846.1| RuBisCO long chain, Form II/III [uncultured bacterium]",,
26732,26727,H,234,475,78.0,.,0,0,463M5D5M2D,UBA5232contig_5010_25,RBCSeed_26 gi|818320692|gb|KKQ04046.1|,RBCSeed_26,RBCSeed_26,II/III,C,421,1,*,*,*,*,*,UBA5232contig_5010_25,,
26738,26733,H,369,465,84.1,.,0,0,465M,gi|1511874459|ref|WP_123103096.1| ribulose-bisphosphate carboxylase [Acidithiobacillus sp. CJ-2] >gi|1511428490|gb|RNF64278.1| ribulose-bisphosphate carboxylase [Acidithiobacillus sp. CJ-2],RBC2_37 gi|640165948|ref|WP_024807638.1|,RBC2_37,RBC2_37,II,C,456,1,*,*,*,*,*,gi|1511874459|ref|WP_123103096.1| ribulose-bisphosphate carboxylase [Acidithiobacillus sp. CJ-2] >gi|1511428490|gb|RNF64278.1| ribulose-bisphosphate carboxylase [Acidithiobacillus sp. CJ-2],,
26741,26736,H,18,461,88.3,.,0,0,461M,"gi|1270298764|gb|PHQ94976.1| ribulose 1,5-bisphosphate carboxylase [Marinosulfonomonas sp.]","gi|1247517904|gb|PCJ73671.1| ribulose 1,5-bisphosphate carboxylase [Rhodobacteraceae bacterium]",gi|1247517904|gb|PCJ73671.1|,gi|1247517904|gb|PCJ73671.1|,II,C,457,1,*,*,*,*,*,"gi|1270298764|gb|PHQ94976.1| ribulose 1,5-bisphosphate carboxylase [Marinosulfonomonas sp.]",,
26742,26737,H,18,461,90.2,.,0,0,461M,"gi|1247447654|gb|PCJ05530.1| ribulose 1,5-bisphosphate carboxylase [Rhodobacteraceae bacterium]","gi|1247517904|gb|PCJ73671.1| ribulose 1,5-bisphosphate carboxylase [Rhodobacteraceae bacterium]",gi|1247517904|gb|PCJ73671.1|,gi|1247517904|gb|PCJ73671.1|,II,H,44,461,90.2,.,0,0,461M,"gi|1247517904|gb|PCJ73671.1| ribulose 1,5-bisphosphate carboxylase [Rhodobacteraceae bacterium]",,
26745,26740,C,18,5,*,*,*,*,*,"gi|1247517904|gb|PCJ73671.1| ribulose 1,5-bisphosphate carboxylase [Rhodobacteraceae bacterium]","gi|1247517904|gb|PCJ73671.1| ribulose 1,5-bisphosphate carboxylase [Rhodobacteraceae bacterium]",gi|1247517904|gb|PCJ73671.1|,gi|1247517904|gb|PCJ73671.1|,II,C,44,2,*,*,*,*,*,"gi|1247517904|gb|PCJ73671.1| ribulose 1,5-bisphosphate carboxylase [Rhodobacteraceae bacterium]",,
26746,26741,H,8,441,80.6,.,0,0,428M13D,"gi|1572539476|emb|VDD88779.1| RuBisCO long chain, Form II/III [uncultured bacterium]","gwf2_scaffold_583_77 ribulose bisphosphate carboxylase (EC:4.1.1.39); K01601 ribulose-bisphosphate carboxylase large chain [EC:4.1.1.39] Tax=PER_GWF2_38_29 id=5095786 bin=""PER_GWF2_38_29"" species=PER_GWF2_38_29 genus=unknown taxon_order=unknown taxon_class=unknown phylum=Peregrinibacteria (PER) organism_tax=Peregrinibacteria organism_desc=IN PAPER CLONED BY TABITA-ACTIVE",gwf2_scaffold_583_77,gwf2_scaffold_583_77,II/III,C,462,1,*,*,*,*,*,"gi|1572539476|emb|VDD88779.1| RuBisCO long chain, Form II/III [uncultured bacterium]",,
27059,27054,H,372,328,78.0,.,0,0,328M167I,UBA2022contig_15642_11,"gi|1278491485|gb|PJA14308.1| ribulose 1,5-bisphosphate carboxylase [Candidatus Dojkabacteria bacterium CG_4_10_14_0_2_um_filter_Dojkabacteria_WS6_41_15]",gi|1278491485|gb|PJA14308.1|,gi|1278491485|gb|PJA14308.1|,II/III,C,562,1,*,*,*,*,*,UBA2022contig_15642_11,,
27060,27055,H,372,361,95.3,.,0,0,89I361M45I,"gi|1572539442|emb|VDD88762.1| RuBisCO long chain, Form II/III [uncultured bacterium]","gi|1278491485|gb|PJA14308.1| ribulose 1,5-bisphosphate carboxylase [Candidatus Dojkabacteria bacterium CG_4_10_14_0_2_um_filter_Dojkabacteria_WS6_41_15]",gi|1278491485|gb|PJA14308.1|,gi|1278491485|gb|PJA14308.1|,II/III,H,465,361,95.3,.,0,0,89I361M45I,"gi|1278491485|gb|PJA14308.1| ribulose 1,5-bisphosphate carboxylase [Candidatus Dojkabacteria bacterium CG_4_10_14_0_2_um_filter_Dojkabacteria_WS6_41_15]",,
27061,27056,H,372,369,95.4,.,0,0,369M126I,"gi|1572540211|emb|VDD89174.1| RuBisCO long chain, Form II/III [uncultured bacterium]","gi|1278491485|gb|PJA14308.1| ribulose 1,5-bisphosphate carboxylase [Candidatus Dojkabacteria bacterium CG_4_10_14_0_2_um_filter_Dojkabacteria_WS6_41_15]",gi|1278491485|gb|PJA14308.1|,gi|1278491485|gb|PJA14308.1|,II/III,H,465,369,95.4,.,0,0,369M126I,"gi|1278491485|gb|PJA14308.1| ribulose 1,5-bisphosphate carboxylase [Candidatus Dojkabacteria bacterium CG_4_10_14_0_2_um_filter_Dojkabacteria_WS6_41_15]",,
27062,27057,H,372,350,93.7,.,0,0,89I350M56I,"gi|1572540187|emb|VDD89160.1| RuBisCO long chain, Form II/III [uncultured bacterium]","gi|1278491485|gb|PJA14308.1| ribulose 1,5-bisphosphate carboxylase [Candidatus Dojkabacteria bacterium CG_4_10_14_0_2_um_filter_Dojkabacteria_WS6_41_15]",gi|1278491485|gb|PJA14308.1|,gi|1278491485|gb|PJA14308.1|,II/III,H,465,350,93.7,.,0,0,89I350M56I,"gi|1278491485|gb|PJA14308.1| ribulose 1,5-bisphosphate carboxylase [Candidatus Dojkabacteria bacterium CG_4_10_14_0_2_um_filter_Dojkabacteria_WS6_41_15]",,
27063,27058,C,372,5,*,*,*,*,*,"gi|1278491485|gb|PJA14308.1| ribulose 1,5-bisphosphate carboxylase [Candidatus Dojkabacteria bacterium CG_4_10_14_0_2_um_filter_Dojkabacteria_WS6_41_15]","gi|1278491485|gb|PJA14308.1| ribulose 1,5-bisphosphate carboxylase [Candidatus Dojkabacteria bacterium CG_4_10_14_0_2_um_filter_Dojkabacteria_WS6_41_15]",gi|1278491485|gb|PJA14308.1|,gi|1278491485|gb|PJA14308.1|,II/III,C,465,4,*,*,*,*,*,"gi|1278491485|gb|PJA14308.1| ribulose 1,5-bisphosphate carboxylase [Candidatus Dojkabacteria bacterium CG_4_10_14_0_2_um_filter_Dojkabacteria_WS6_41_15]",,
27069,27064,H,496,460,79.3,.,0,0,459MD,gi|1580774821|gb|TAN52003.1| ribulose-bisphosphate carboxylase [Rhodospirillales bacterium],RBC2_41 gi|499704342|ref|WP_011385076.1|,RBC2_41,RBC2_41,II,C,583,1,*,*,*,*,*,gi|1580774821|gb|TAN52003.1| ribulose-bisphosphate carboxylase [Rhodospirillales bacterium],,
27074,27069,H,496,462,75.1,.,0,0,456M2D3MD,"gi|1382017089|ref|WP_107893192.1| ribulose-bisphosphate carboxylase [Rhodovulum imhoffii] >gi|1375748657|gb|PTN01055.1| ribulose 1,5-bisphosphate carboxylase large subunit [Rhodovulum imhoffii]",RBC2_41 gi|499704342|ref|WP_011385076.1|,RBC2_41,RBC2_41,II,H,682,462,90.9,.,0,0,35MI427M,"gi|1592839803|ref|WP_132694381.1| ribulose-bisphosphate carboxylase [Rhodovulum steppense] >gi|1588414049|gb|TCM85265.1| ribulose 1,5-bisphosphate carboxylase large subunit [Rhodovulum steppense]",,
27085,27080,H,496,462,74.1,.,0,0,2D35MD424M,"gi|1490286541|gb|RKZ47820.1| ribulose 1,5-bisphosphate carboxylase [Gammaproteobacteria bacterium] >gi|1490304053|gb|RKZ63014.1| ribulose 1,5-bisphosphate carboxylase [Gammaproteobacteria bacterium] >gi|1490328448|gb|RKZ83893.1| ribulose 1,5-bisphosphate carboxylase [Gammaproteobacteria bacterium]",RBC2_41 gi|499704342|ref|WP_011385076.1|,RBC2_41,RBC2_41,II,C,787,1,*,*,*,*,*,"gi|1490286541|gb|RKZ47820.1| ribulose 1,5-bisphosphate carboxylase [Gammaproteobacteria bacterium] >gi|1490304053|gb|RKZ63014.1| ribulose 1,5-bisphosphate carboxylase [Gammaproteobacteria bacterium] >gi|1490328448|gb|RKZ83893.1| ribulose 1,5-bisphosphate carboxylase [Gammaproteobacteria bacterium]",,
27096,27091,H,496,458,75.3,.,0,0,458MI,"gi|1490276154|gb|RKZ38922.1| ribulose 1,5-bisphosphate carboxylase [Gammaproteobacteria bacterium] >gi|1490318023|gb|RKZ75190.1| ribulose 1,5-bisphosphate carboxylase [Gammaproteobacteria bacterium]",RBC2_41 gi|499704342|ref|WP_011385076.1|,RBC2_41,RBC2_41,II,C,883,1,*,*,*,*,*,"gi|1490276154|gb|RKZ38922.1| ribulose 1,5-bisphosphate carboxylase [Gammaproteobacteria bacterium] >gi|1490318023|gb|RKZ75190.1| ribulose 1,5-bisphosphate carboxylase [Gammaproteobacteria bacterium]",,
27108,27101,H,496,459,76.3,.,0,0,459M,gi|1575831192|gb|RZI42370.1| ribulose-bisphosphate carboxylase [Herbaspirillum sp. HC18],RBC2_41 gi|499704342|ref|WP_011385076.1|,RBC2_41,RBC2_41,II,C,952,1,*,*,*,*,*,gi|1575831192|gb|RZI42370.1| ribulose-bisphosphate carboxylase [Herbaspirillum sp. HC18],,
27109,27102,H,496,462,74.7,.,0,0,459M3D,"gi|1592666712|ref|WP_132545138.1| ribulose-bisphosphate carboxylase [Rhodovulum euryhalinum] >gi|1588601017|gb|TCO70490.1| ribulose 1,5-bisphosphate carboxylase large subunit [Rhodovulum euryhalinum]",RBC2_41 gi|499704342|ref|WP_011385076.1|,RBC2_41,RBC2_41,II,C,953,1,*,*,*,*,*,"gi|1592666712|ref|WP_132545138.1| ribulose-bisphosphate carboxylase [Rhodovulum euryhalinum] >gi|1588601017|gb|TCO70490.1| ribulose 1,5-bisphosphate carboxylase large subunit [Rhodovulum euryhalinum]",,
36797,36790,H,605,466,99.8,.,0,0,2D464M,"gi|1515858426|gb|ROR29472.1| ribulose 1,5-bisphosphate carboxylase large subunit [Inmirania thermothiophila]",gi|1518545074|ref|WP_123402233.1| ribulose-bisphosphate carboxylase [Inmirania thermothiophila],gi|1518545074|ref|WP_123402233.1|,gi|1518545074|ref|WP_123402233.1|,II,H,688,466,99.8,.,0,0,2D464M,gi|1518545074|ref|WP_123402233.1| ribulose-bisphosphate carboxylase [Inmirania thermothiophila],,
36798,36791,C,605,2,*,*,*,*,*,gi|1518545074|ref|WP_123402233.1| ribulose-bisphosphate carboxylase [Inmirania thermothiophila],gi|1518545074|ref|WP_123402233.1| ribulose-bisphosphate carboxylase [Inmirania thermothiophila],gi|1518545074|ref|WP_123402233.1|,gi|1518545074|ref|WP_123402233.1|,II,C,688,2,*,*,*,*,*,gi|1518545074|ref|WP_123402233.1| ribulose-bisphosphate carboxylase [Inmirania thermothiophila],,
36799,36792,H,606,451,81.9,.,0,0,16I228MI110M29D84M2I,"gi|1572541103|emb|VDS11178.1| RuBisCO long chain, Form II/III [uncultured Candidatus Woesearchaeota archaeon]","gi|1572541027|emb|VDS11140.1| RuBisCO long chain, Form II/III [uncultured DPANN archaeon] >gi|1572541091|emb|VDS11172.1| RuBisCO long chain, Form II/III [uncultured Candidatus Woesearchaeota archaeon] >gi|1572541105|emb|VDS11179.1| RuBisCO long chain, Form II/III [uncultured Candidatus Woesearchaeota archaeon]",gi|1572541027|emb|VDS11140.1|,gi|1572541027|emb|VDS11140.1|,II/III,C,691,2,*,*,*,*,*,"gi|1572541103|emb|VDS11178.1| RuBisCO long chain, Form II/III [uncultured Candidatus Woesearchaeota archaeon]",,
36800,36793,H,606,294,84.3,.,0,0,13D34MD246M161I,rifoxyb1_full_scaffold_3633_1,"gi|1572541027|emb|VDS11140.1| RuBisCO long chain, Form II/III [uncultured DPANN archaeon] >gi|1572541091|emb|VDS11172.1| RuBisCO long chain, Form II/III [uncultured Candidatus Woesearchaeota archaeon] >gi|1572541105|emb|VDS11179.1| RuBisCO long chain, Form II/III [uncultured Candidatus Woesearchaeota archaeon]",gi|1572541027|emb|VDS11140.1|,gi|1572541027|emb|VDS11140.1|,II/III,C,863,1,*,*,*,*,*,rifoxyb1_full_scaffold_3633_1,,
36801,36794,H,606,486,71.5,.,0,0,6D34MD320M29D87M9D,"gi|1404609438|gb|PZM85647.1| ribulose 1,5-bisphosphate carboxylase [candidate division SR1 bacterium]","gi|1572541027|emb|VDS11140.1| RuBisCO long chain, Form II/III [uncultured DPANN archaeon] >gi|1572541091|emb|VDS11172.1| RuBisCO long chain, Form II/III [uncultured Candidatus Woesearchaeota archaeon] >gi|1572541105|emb|VDS11179.1| RuBisCO long chain, Form II/III [uncultured Candidatus Woesearchaeota archaeon]",gi|1572541027|emb|VDS11140.1|,gi|1572541027|emb|VDS11140.1|,II/III,H,257,486,91.2,.,0,0,187MD35MD262M,OR1_SR1_3_148,,
36803,36796,H,606,482,74.7,.,0,0,5D34MD320M29D87M6D,"gi|1572540971|emb|VDS11112.1| RuBisCO long chain, Form II/III [uncultured DPANN archaeon]","gi|1572541027|emb|VDS11140.1| RuBisCO long chain, Form II/III [uncultured DPANN archaeon] >gi|1572541091|emb|VDS11172.1| RuBisCO long chain, Form II/III [uncultured Candidatus Woesearchaeota archaeon] >gi|1572541105|emb|VDS11179.1| RuBisCO long chain, Form II/III [uncultured Candidatus Woesearchaeota archaeon]",gi|1572541027|emb|VDS11140.1|,gi|1572541027|emb|VDS11140.1|,II/III,C,955,1,*,*,*,*,*,"gi|1572540971|emb|VDS11112.1| RuBisCO long chain, Form II/III [uncultured DPANN archaeon]",,
36804,36797,H,606,467,82.5,.,0,0,244MI110M29D84M2I,"gi|1572541053|emb|VDS11153.1| RuBisCO long chain, Form II/III [uncultured Candidatus Woesearchaeota archaeon] >gi|1572541067|emb|VDS11160.1| RuBisCO long chain, Form II/III [uncultured Candidatus Woesearchaeota archaeon] >gi|1572541117|emb|VDS11185.1| RuBisCO long chain, Form II/III [uncultured Candidatus Woesearchaeota archaeon]","gi|1572541027|emb|VDS11140.1| RuBisCO long chain, Form II/III [uncultured DPANN archaeon] >gi|1572541091|emb|VDS11172.1| RuBisCO long chain, Form II/III [uncultured Candidatus Woesearchaeota archaeon] >gi|1572541105|emb|VDS11179.1| RuBisCO long chain, Form II/III [uncultured Candidatus Woesearchaeota archaeon]",gi|1572541027|emb|VDS11140.1|,gi|1572541027|emb|VDS11140.1|,II/III,H,691,467,99.8,.,0,0,16D451M,"gi|1572541103|emb|VDS11178.1| RuBisCO long chain, Form II/III [uncultured Candidatus Woesearchaeota archaeon]",,
36805,36798,C,606,7,*,*,*,*,*,"gi|1572541027|emb|VDS11140.1| RuBisCO long chain, Form II/III [uncultured DPANN archaeon] >gi|1572541091|emb|VDS11172.1| RuBisCO long chain, Form II/III [uncultured Candidatus Woesearchaeota archaeon] >gi|1572541105|emb|VDS11179.1| RuBisCO long chain, Form II/III [uncultured Candidatus Woesearchaeota archaeon]","gi|1572541027|emb|VDS11140.1| RuBisCO long chain, Form II/III [uncultured DPANN archaeon] >gi|1572541091|emb|VDS11172.1| RuBisCO long chain, Form II/III [uncultured Candidatus Woesearchaeota archaeon] >gi|1572541105|emb|VDS11179.1| RuBisCO long chain, Form II/III [uncultured Candidatus Woesearchaeota archaeon]",gi|1572541027|emb|VDS11140.1|,gi|1572541027|emb|VDS11140.1|,II/III,C,690,1,*,*,*,*,*,"gi|1572541027|emb|VDS11140.1| RuBisCO long chain, Form II/III [uncultured DPANN archaeon] >gi|1572541091|emb|VDS11172.1| RuBisCO long chain, Form II/III [uncultured Candidatus Woesearchaeota archaeon] >gi|1572541105|emb|VDS11179.1| RuBisCO long chain, Form II/III [uncultured Candidatus Woesearchaeota archaeon]",,
37056,37049,C,20,1,*,*,*,*,*,"gi|1247451339|gb|PCJ09133.1| ribulose 1,5-bisphosphate carboxylase [Rhodobacteraceae bacterium]","gi|1247451339|gb|PCJ09133.1| ribulose 1,5-bisphosphate carboxylase [Rhodobacteraceae bacterium]",gi|1247451339|gb|PCJ09133.1|,gi|1247451339|gb|PCJ09133.1|,II,C,49,1,*,*,*,*,*,"gi|1247451339|gb|PCJ09133.1| ribulose 1,5-bisphosphate carboxylase [Rhodobacteraceae bacterium]",,
37089,37082,C,607,1,*,*,*,*,*,"gi|1308750508|gb|PKN02430.1| ribulose 1,5-bisphosphate carboxylase [Candidatus Dojkabacteria bacterium HGW-Dojkabacteria-1]","gi|1308750508|gb|PKN02430.1| ribulose 1,5-bisphosphate carboxylase [Candidatus Dojkabacteria bacterium HGW-Dojkabacteria-1]",gi|1308750508|gb|PKN02430.1|,gi|1308750508|gb|PKN02430.1|,II/III,C,692,1,*,*,*,*,*,"gi|1308750508|gb|PKN02430.1| ribulose 1,5-bisphosphate carboxylase [Candidatus Dojkabacteria bacterium HGW-Dojkabacteria-1]",,
37111,37104,C,813,1,*,*,*,*,*,UBA4787contig_1245_80,UBA4787contig_1245_80,UBA4787contig_1245_80,UBA4787contig_1245_80,II/III,C,937,1,*,*,*,*,*,UBA4787contig_1245_80,,
